method,k,sample_size,batch_size,max_no_improvement,seed,fit_time_s,assignment_time_s,total_time_s,distortion,n_iter,n_steps,ari_ground_truth,ami_ground_truth
kmeans,20,10000,nan,,1,0.0976870660088025,0.342600507021416,0.4402875730302185,170.77096102719105,33,-1,0.20522406911609367,0.33643815586474385
kmeans,20,10000,nan,,2,0.12846882903249934,0.3424505299772136,0.47091935900971293,170.68043660010744,100,-1,0.14110405443234417,0.3156001724280536
kmeans,20,10000,nan,,3,0.10281732102157548,0.3368138200021349,0.43963114102371037,169.42811726348802,45,-1,0.17239928546384709,0.3194378771946477
kmeans,20,10000,nan,,4,0.10655861801933497,0.334410224983003,0.44096884300233796,170.26852024939305,45,-1,0.14772871556751252,0.3109486984174843
kmeans,20,10000,nan,,5,0.12472844496369362,0.33721529599279165,0.46194374095648527,169.32766271002671,79,-1,0.1419959688151565,0.3174057930391257
kmeans,20,10000,nan,,6,0.10586312599480152,0.3339191830018535,0.43978230899665505,170.04183455405055,54,-1,0.16770820586229757,0.3270034849069986
kmeans,20,10000,nan,,7,0.09709367901086807,0.33786192297702655,0.4349556019878946,169.59775199627478,34,-1,0.17741357887219059,0.333050148599393
kmeans,20,10000,nan,,8,0.12373063596896827,0.34142642200458795,0.4651570579735562,171.0770697711398,78,-1,0.17703661267200171,0.3324661755908595
kmeans,20,10000,nan,,9,0.11557100102072582,0.33838706696406007,0.4539580679847859,169.67952390127346,78,-1,0.17404751253845505,0.3286141049559412
kmeans,20,10000,nan,,10,0.09832848602673039,0.3390113199711777,0.4373398059979081,169.7350052592847,34,-1,0.15649288578593237,0.3262136455579647
minibatch,20,10000,256,10,1,0.10355413798242807,0.3086219900287688,0.41217612801119685,173.71566079447882,2,74,0.203494693132785,0.31960196713321465
minibatch,20,10000,256,10,2,0.10885245498502627,0.3460714960237965,0.45492395100882277,174.434537166624,3,95,0.1444564230283251,0.3195507504486743
minibatch,20,10000,256,10,3,0.10555938800098374,0.3411963689723052,0.44675575697328895,172.72570177161103,3,84,0.19414258008810448,0.3238405570350516
minibatch,20,10000,256,10,4,0.10749502299586311,0.34269359201425686,0.45018861501012,174.0139371564478,3,92,0.14033659189206985,0.3152360525393232
minibatch,20,10000,256,10,5,0.10190341295674443,0.34187060804106295,0.4437740209978074,171.3395791545356,2,70,0.14841309055607013,0.32125638209224927
minibatch,20,10000,256,10,6,0.10598793596727774,0.3395416680141352,0.44552960398141295,172.50651554279528,3,85,0.17382907152704147,0.3292646815850364
minibatch,20,10000,256,10,7,0.10779864201322198,0.3428374790237285,0.4506361210369505,172.86993697218796,3,92,0.17352036306709193,0.3247084280161068
minibatch,20,10000,256,10,8,0.11458803300047293,0.34357172902673483,0.45815976202720776,174.94428834905943,3,86,0.165548481081346,0.3267445820451275
minibatch,20,10000,256,10,9,0.11851703096181154,0.34460744401440024,0.4631244749762118,172.2352130519785,4,133,0.1653786847345473,0.32854351550916155
minibatch,20,10000,256,10,10,0.10912165197078139,0.3382642579963431,0.44738590996712446,173.26484871264162,3,99,0.1515592290447761,0.3286714358544216
minibatch,20,10000,256,50,1,0.13240328297251835,0.3221101459930651,0.45451342896558344,173.1847660603607,5,185,0.2034050444385015,0.3210639213081165
minibatch,20,10000,256,50,2,0.13239721400896087,0.3457754999981262,0.47817271400708705,174.10012543441388,5,183,0.14449185323316516,0.3200517211553471
minibatch,20,10000,256,50,3,0.1241899769520387,0.34552372101461515,0.46971369796665385,172.523379224829,4,124,0.1925504793448108,0.32359313066372136
minibatch,20,10000,256,50,4,0.12707874999614432,0.34223084698896855,0.4693095969851129,173.55720416821464,5,167,0.14131052781728007,0.3162783536461535
minibatch,20,10000,256,50,5,0.14824798394693062,0.35388979699928313,0.5021377809462138,170.8599067915177,7,245,0.1472084319383198,0.32019283554166256
minibatch,20,10000,256,50,6,0.1544028390198946,0.3435695609659888,0.4979723999858834,171.71369221864387,7,267,0.17559253792497145,0.33213018716749
minibatch,20,10000,256,50,7,0.1571337670320645,0.34011670196196064,0.49725046899402514,172.10397354133576,7,246,0.17606461274072907,0.3265892043690927
minibatch,20,10000,256,50,8,0.13693896494805813,0.3356295510311611,0.47256851597921923,173.96969992449155,6,202,0.16902016762071687,0.3288729787110455
minibatch,20,10000,256,50,9,0.12949752900749445,0.34323478501755744,0.4727323140250519,172.04662325661704,5,173,0.16543120890258461,0.32867460295128387
minibatch,20,10000,256,50,10,0.1563121050130576,0.34149131999583915,0.49780342500889674,172.37282313524372,8,280,0.15000229859932313,0.3290946961799349
minibatch,20,10000,256,None,1,3.2028752439655364,0.31457735801814124,3.5174526019836776,172.545684402957,300,11718,0.20266586262648087,0.32296489110564436
minibatch,20,10000,256,None,2,3.1983201219700277,0.33980082703055814,3.538120949000586,171.90259355732724,300,11718,0.14315839920132578,0.3204309614554814
minibatch,20,10000,256,None,3,3.2239453090005554,0.34056130598764867,3.564506614988204,171.18526370767853,300,11718,0.17894566243058285,0.32151877146977853
minibatch,20,10000,256,None,4,3.232325009012129,0.3480557689908892,3.5803807780030183,171.86923326339084,300,11718,0.14734018349129338,0.3199867960914931
minibatch,20,10000,256,None,5,3.226032051956281,0.3412588690407574,3.5672909209970385,170.4159780636078,300,11718,0.14534727343757606,0.31880131932473244
minibatch,20,10000,256,None,6,3.183826070977375,0.3399577360250987,3.5237838070024736,170.81687660233368,300,11718,0.17860846266109687,0.33476296016531276
minibatch,20,10000,256,None,7,3.2275180260185152,0.3392953110160306,3.566813337034546,170.63389031879828,300,11718,0.18230218456960068,0.33145137142904635
minibatch,20,10000,256,None,8,3.262416436977219,0.340687774005346,3.603104210982565,171.2945051134368,300,11718,0.17433168692750062,0.32750065739835105
minibatch,20,10000,256,None,9,3.217251583992038,0.34873760998016223,3.5659891939722,170.70622134564584,300,11718,0.1648026539377211,0.32719708286370774
minibatch,20,10000,256,None,10,3.2302933069877326,0.3395472860429436,3.5698405930306762,170.86685772631657,300,11718,0.14738394468512797,0.3282784107575923
kmeans,40,20000,nan,,1,0.13736863696249202,0.3449410850298591,0.4823097219923511,148.38174794885816,103,-1,0.0901518357443352,0.31664259370710923
kmeans,40,20000,nan,,2,0.1272213570191525,0.37590169796021655,0.503123054979369,148.91392939647457,86,-1,0.09192194666753918,0.3139712826398514
kmeans,40,20000,nan,,3,0.22820926300482824,0.3715978459804319,0.5998071089852601,147.9385368470861,196,-1,0.09340358110191736,0.316508848675607
kmeans,40,20000,nan,,4,0.11124148598173633,0.36946743697626516,0.4807089229580015,147.8462820140647,56,-1,0.08676188018872881,0.31300666697153523
kmeans,40,20000,nan,,5,0.13263857102720067,0.37127334595425054,0.5039119169814512,147.81968312758733,96,-1,0.09372121724365726,0.31934849657335707
kmeans,40,20000,nan,,6,0.12752204696880654,0.37222189002204686,0.4997439369908534,147.667768130507,87,-1,0.0988061272019957,0.31877660320618684
kmeans,40,20000,nan,,7,0.15089568600524217,0.3720864140195772,0.5229821000248194,147.88049189433352,127,-1,0.09178144766361729,0.31824089291469243
kmeans,40,20000,nan,,8,0.1152326810406521,0.3703280569752678,0.4855607380159199,147.81233824133602,66,-1,0.09438713266914181,0.315226495595972
kmeans,40,20000,nan,,9,0.1342532400158234,0.3721901410026476,0.506443381018471,148.2118563351737,99,-1,0.09328980056354613,0.3201250577012606
kmeans,40,20000,nan,,10,0.11505414103157818,0.3704635630128905,0.4855177040444687,147.77576572783664,58,-1,0.09065248616216894,0.31769854555471455
minibatch,40,20000,256,10,1,0.13922158704372123,0.3370598809560761,0.4762814679997973,150.7314856833972,2,140,0.09324880688843334,0.3145750549172977
minibatch,40,20000,256,10,2,0.13122488401131704,0.3750681399833411,0.5062930239946581,150.91191019441567,2,124,0.09469563850989565,0.31216005720828294
minibatch,40,20000,256,10,3,0.14962297299643978,0.37340634799329564,0.5230293209897354,150.63035102594355,3,172,0.09865093083194162,0.3145087762301546
minibatch,40,20000,256,10,4,0.13293228799011558,0.372004792036023,0.5049370800261386,150.72402130777903,2,128,0.08491231500149252,0.3123123519881692
minibatch,40,20000,256,10,5,0.15319380996515974,0.3690814060391858,0.5222752160043456,151.78165841902933,3,182,0.09297146906227075,0.31253498377709876
minibatch,40,20000,256,10,6,0.12665936403209344,0.3708922719815746,0.49755163601366803,150.8242252128993,2,112,0.1127496487061661,0.31997925984659675
minibatch,40,20000,256,10,7,0.15105323697207496,0.3724683710024692,0.5235216079745442,149.790927873518,3,170,0.09447679271480498,0.3204461143796956
minibatch,40,20000,256,10,8,0.14871226099785417,0.3715981479617767,0.5203104089596309,149.84677232739486,3,169,0.09519381542290109,0.31608294505912393
minibatch,40,20000,256,10,9,0.1497522720019333,0.37029804300982505,0.5200503150117584,150.63245376041468,3,167,0.09390161826564127,0.3149699151252767
minibatch,40,20000,256,10,10,0.14982999896164984,0.3646687620203011,0.5144987609819509,150.3213651907073,3,174,0.09393035515232737,0.3165120964648602
minibatch,40,20000,256,50,1,0.20910847204504535,0.3435818979633041,0.5526903700083494,150.26852593256172,5,329,0.093457659266833,0.31531037055147154
minibatch,40,20000,256,50,2,0.20709742401959375,0.3771075020194985,0.5842049260390922,150.34848556431646,5,323,0.09446420167938459,0.3124089836371703
minibatch,40,20000,256,50,3,0.19305030000396073,0.3675134159857407,0.5605637159897014,150.31247020775965,4,285,0.09828512400401282,0.3144528682759864
minibatch,40,20000,256,50,4,0.16270391002763063,0.37112343101762235,0.533827341045253,150.48789420473463,3,216,0.08492290624784586,0.3128795188583419
minibatch,40,20000,256,50,5,0.22542327299015597,0.3689782790024765,0.5944015519926324,151.17540352967717,5,379,0.09217684008728252,0.3123344425228649
minibatch,40,20000,256,50,6,0.18398197897477075,0.3737244700314477,0.5577064490062185,150.38080670452948,4,242,0.11182064401367235,0.3209266328961889
minibatch,40,20000,256,50,7,0.2329054670408368,0.37294752697926015,0.605852994020097,149.38975655640704,5,367,0.09448320614098528,0.32089746917541884
minibatch,40,20000,256,50,8,0.19617132598068565,0.3732917470042594,0.569463072984945,149.62285874580104,4,295,0.09512722619965996,0.31640239684765686
minibatch,40,20000,256,50,9,0.17842855700291693,0.37696053099352866,0.5553890879964456,150.1674158978262,4,249,0.0939415127348913,0.3154629742710536
minibatch,40,20000,256,50,10,0.23675116803497076,0.3706703059724532,0.607421474007424,149.88618357414407,6,413,0.09404167892077463,0.3172412399576045
minibatch,40,20000,256,None,1,8.980138910003006,0.3422783139976673,9.322417224000674,149.31373926271175,300,23437,0.0946921687378869,0.3177848931530079
minibatch,40,20000,256,None,2,8.972675301018171,0.37345958600053564,9.346134887018707,149.51280719254427,300,23437,0.09388585310118584,0.31336957403608773
minibatch,40,20000,256,None,3,8.88458273402648,0.3739552350016311,9.258537969028112,149.08885613919472,300,23437,0.097778071702516,0.3150298806119386
minibatch,40,20000,256,None,4,8.951900126005057,0.37298265495337546,9.324882780958433,149.74056531093413,300,23437,0.0851801069658899,0.31375860117348303
minibatch,40,20000,256,None,5,8.936667294998188,0.3756061000167392,9.312273395014927,149.72375045345447,300,23437,0.09038185865870255,0.3118680174007842
minibatch,40,20000,256,None,6,8.972540464019403,0.37230226601241156,9.344842730031814,149.5066395694443,300,23437,0.10724396784642606,0.3215099917716361
minibatch,40,20000,256,None,7,8.961762728984468,0.3691943200537935,9.330957049038261,148.64275410358727,300,23437,0.09470739025065646,0.3226527634462451
minibatch,40,20000,256,None,8,8.968212834035512,0.3737139389850199,9.341926773020532,148.87366297743284,300,23437,0.09496676097577356,0.31757810114444496
minibatch,40,20000,256,None,9,8.926549953001086,0.3730855999747291,9.299635552975815,148.53252381549734,300,23437,0.09314810065973075,0.31624109169965964
minibatch,40,20000,256,None,10,8.952163694018964,0.3635798480245285,9.315743542043492,148.90476547992782,300,23437,0.0938560978139386,0.3196303412901187
