method,k,batch_size,max_no_improvement,seed_a,seed_b,stability_ari
kmeans,20,nan,,1,2,0.47275572345416983
kmeans,20,nan,,1,3,0.665085952915447
kmeans,20,nan,,1,4,0.49943614226923627
kmeans,20,nan,,1,5,0.5592645409943029
kmeans,20,nan,,1,6,0.6234976086154934
kmeans,20,nan,,1,7,0.6035517961043944
kmeans,20,nan,,1,8,0.698983666453986
kmeans,20,nan,,1,9,0.5998544770820994
kmeans,20,nan,,1,10,0.5441555565729291
kmeans,20,nan,,2,3,0.5820031623234035
kmeans,20,nan,,2,4,0.5498538445206587
kmeans,20,nan,,2,5,0.5026908999292372
kmeans,20,nan,,2,6,0.5668178794281757
kmeans,20,nan,,2,7,0.4835200199552125
kmeans,20,nan,,2,8,0.5043015511224002
kmeans,20,nan,,2,9,0.531691612804423
kmeans,20,nan,,2,10,0.5817913719879126
kmeans,20,nan,,3,4,0.5721178792879208
kmeans,20,nan,,3,5,0.6203271095179147
kmeans,20,nan,,3,6,0.7313910927087919
kmeans,20,nan,,3,7,0.595746656850883
kmeans,20,nan,,3,8,0.7279845781609686
kmeans,20,nan,,3,9,0.606814553252877
kmeans,20,nan,,3,10,0.6156785130629301
kmeans,20,nan,,4,5,0.5840775225327506
kmeans,20,nan,,4,6,0.5138924416958163
kmeans,20,nan,,4,7,0.5221272809326092
kmeans,20,nan,,4,8,0.5161256181899733
kmeans,20,nan,,4,9,0.5322349745187939
kmeans,20,nan,,4,10,0.6811831751395024
kmeans,20,nan,,5,6,0.5916956315950808
kmeans,20,nan,,5,7,0.6632495598948099
kmeans,20,nan,,5,8,0.6020348841770897
kmeans,20,nan,,5,9,0.6137492515917984
kmeans,20,nan,,5,10,0.6374366643134153
kmeans,20,nan,,6,7,0.5890658224940971
kmeans,20,nan,,6,8,0.6670315350205226
kmeans,20,nan,,6,9,0.5618161136553983
kmeans,20,nan,,6,10,0.5605869696884527
kmeans,20,nan,,7,8,0.6040777478121433
kmeans,20,nan,,7,9,0.7671817136233305
kmeans,20,nan,,7,10,0.5726355640086432
kmeans,20,nan,,8,9,0.6524475613062607
kmeans,20,nan,,8,10,0.5550290450584703
kmeans,20,nan,,9,10,0.5475971032039502
minibatch,20,256,10,1,2,0.4194366250071693
minibatch,20,256,10,1,3,0.49895262861108863
minibatch,20,256,10,1,4,0.40414763081458577
minibatch,20,256,10,1,5,0.5005309688372696
minibatch,20,256,10,1,6,0.43620231170907814
minibatch,20,256,10,1,7,0.4497841426329338
minibatch,20,256,10,1,8,0.5017920282993814
minibatch,20,256,10,1,9,0.4291000561522506
minibatch,20,256,10,1,10,0.4546841814124967
minibatch,20,256,10,2,3,0.49274034601940475
minibatch,20,256,10,2,4,0.44708469498949294
minibatch,20,256,10,2,5,0.46518385116296695
minibatch,20,256,10,2,6,0.4811004014906523
minibatch,20,256,10,2,7,0.4451997858706022
minibatch,20,256,10,2,8,0.46744822797469693
minibatch,20,256,10,2,9,0.4651174469581929
minibatch,20,256,10,2,10,0.4549336292470281
minibatch,20,256,10,3,4,0.5076449948169747
minibatch,20,256,10,3,5,0.4799366566313818
minibatch,20,256,10,3,6,0.5161508562554359
minibatch,20,256,10,3,7,0.461567133497247
minibatch,20,256,10,3,8,0.3970529191636626
minibatch,20,256,10,3,9,0.43557828544493354
minibatch,20,256,10,3,10,0.4449859895058832
minibatch,20,256,10,4,5,0.4348571600695921
minibatch,20,256,10,4,6,0.46853690236972867
minibatch,20,256,10,4,7,0.5043370278960121
minibatch,20,256,10,4,8,0.4059958715145264
minibatch,20,256,10,4,9,0.4125624573180378
minibatch,20,256,10,4,10,0.4413770972153464
minibatch,20,256,10,5,6,0.4976111981579509
minibatch,20,256,10,5,7,0.5079468618339829
minibatch,20,256,10,5,8,0.4501297757587117
minibatch,20,256,10,5,9,0.46346074461464554
minibatch,20,256,10,5,10,0.4791009741504722
minibatch,20,256,10,6,7,0.4912909546084269
minibatch,20,256,10,6,8,0.44720248557510134
minibatch,20,256,10,6,9,0.46969838480090287
minibatch,20,256,10,6,10,0.41671132558427554
minibatch,20,256,10,7,8,0.44797592049506435
minibatch,20,256,10,7,9,0.5032286254530505
minibatch,20,256,10,7,10,0.39238364121337765
minibatch,20,256,10,8,9,0.441956070605357
minibatch,20,256,10,8,10,0.35959564289929646
minibatch,20,256,10,9,10,0.3977272143167193
minibatch,20,256,50,1,2,0.4247428439445284
minibatch,20,256,50,1,3,0.5056945443783601
minibatch,20,256,50,1,4,0.4139458183648665
minibatch,20,256,50,1,5,0.5168631807838744
minibatch,20,256,50,1,6,0.4594386816916587
minibatch,20,256,50,1,7,0.45559049791444195
minibatch,20,256,50,1,8,0.5198543531681574
minibatch,20,256,50,1,9,0.4374574592537808
minibatch,20,256,50,1,10,0.4684283649890465
minibatch,20,256,50,2,3,0.4939647971316027
minibatch,20,256,50,2,4,0.451495507562209
minibatch,20,256,50,2,5,0.4658268338708243
minibatch,20,256,50,2,6,0.5042210595924753
minibatch,20,256,50,2,7,0.4551009903779766
minibatch,20,256,50,2,8,0.47704279910897496
minibatch,20,256,50,2,9,0.46698776488324795
minibatch,20,256,50,2,10,0.45998814933469784
minibatch,20,256,50,3,4,0.5181620755648741
minibatch,20,256,50,3,5,0.48504113011886274
minibatch,20,256,50,3,6,0.5333092222344463
minibatch,20,256,50,3,7,0.4673195399048169
minibatch,20,256,50,3,8,0.41174005425175875
minibatch,20,256,50,3,9,0.4376053349094706
minibatch,20,256,50,3,10,0.4602168564793908
minibatch,20,256,50,4,5,0.44470674005680205
minibatch,20,256,50,4,6,0.4877012593929152
minibatch,20,256,50,4,7,0.5046304478998086
minibatch,20,256,50,4,8,0.4166944802819759
minibatch,20,256,50,4,9,0.42150972935402037
minibatch,20,256,50,4,10,0.46170272020715114
minibatch,20,256,50,5,6,0.5173117586316359
minibatch,20,256,50,5,7,0.5320563651643573
minibatch,20,256,50,5,8,0.4626516481247154
minibatch,20,256,50,5,9,0.47457146198647643
minibatch,20,256,50,5,10,0.502704313834433
minibatch,20,256,50,6,7,0.5098253651462062
minibatch,20,256,50,6,8,0.4667156597624725
minibatch,20,256,50,6,9,0.4864651498962512
minibatch,20,256,50,6,10,0.43575567574226826
minibatch,20,256,50,7,8,0.469149968354587
minibatch,20,256,50,7,9,0.5293153318412784
minibatch,20,256,50,7,10,0.4097161775654358
minibatch,20,256,50,8,9,0.45307226610168283
minibatch,20,256,50,8,10,0.3737956677565395
minibatch,20,256,50,9,10,0.40366430766567213
minibatch,20,256,None,1,2,0.451811877861927
minibatch,20,256,None,1,3,0.5394348467952587
minibatch,20,256,None,1,4,0.45960436797124615
minibatch,20,256,None,1,5,0.5273350882602219
minibatch,20,256,None,1,6,0.5177488125805371
minibatch,20,256,None,1,7,0.48759357342968207
minibatch,20,256,None,1,8,0.5857731315733693
minibatch,20,256,None,1,9,0.4711022241392367
minibatch,20,256,None,1,10,0.4894384297173804
minibatch,20,256,None,2,3,0.5534424531768155
minibatch,20,256,None,2,4,0.5248517197150829
minibatch,20,256,None,2,5,0.48493838972920666
minibatch,20,256,None,2,6,0.5893653143709511
minibatch,20,256,None,2,7,0.49126135166593776
minibatch,20,256,None,2,8,0.5496228250139441
minibatch,20,256,None,2,9,0.5102431313679748
minibatch,20,256,None,2,10,0.4942581604404284
minibatch,20,256,None,3,4,0.5702598700789361
minibatch,20,256,None,3,5,0.5104599280268302
minibatch,20,256,None,3,6,0.5921410069275375
minibatch,20,256,None,3,7,0.49047498591053085
minibatch,20,256,None,3,8,0.548343106929753
minibatch,20,256,None,3,9,0.4810579615989794
minibatch,20,256,None,3,10,0.5354949443888155
minibatch,20,256,None,4,5,0.4713194976144314
minibatch,20,256,None,4,6,0.53483473043534
minibatch,20,256,None,4,7,0.5231219542617184
minibatch,20,256,None,4,8,0.494192511419777
minibatch,20,256,None,4,9,0.48285256700841506
minibatch,20,256,None,4,10,0.5528364782736263
minibatch,20,256,None,5,6,0.5327530332646526
minibatch,20,256,None,5,7,0.5662118729161042
minibatch,20,256,None,5,8,0.5241498605833296
minibatch,20,256,None,5,9,0.5267248257573699
minibatch,20,256,None,5,10,0.5475727202449989
minibatch,20,256,None,6,7,0.5591777942247949
minibatch,20,256,None,6,8,0.5877966547509224
minibatch,20,256,None,6,9,0.5508054638964666
minibatch,20,256,None,6,10,0.48224693807223606
minibatch,20,256,None,7,8,0.5486762987650277
minibatch,20,256,None,7,9,0.5927791835790794
minibatch,20,256,None,7,10,0.47928585348812286
minibatch,20,256,None,8,9,0.5104032344404168
minibatch,20,256,None,8,10,0.4547349467468118
minibatch,20,256,None,9,10,0.4413333604017951
kmeans,40,nan,,1,2,0.5623089753350207
kmeans,40,nan,,1,3,0.5996333831646556
kmeans,40,nan,,1,4,0.5729746260975738
kmeans,40,nan,,1,5,0.5683402749784597
kmeans,40,nan,,1,6,0.6050985707421624
kmeans,40,nan,,1,7,0.5888161229453087
kmeans,40,nan,,1,8,0.6332585829247849
kmeans,40,nan,,1,9,0.5541958038934532
kmeans,40,nan,,1,10,0.5876861647451331
kmeans,40,nan,,2,3,0.5434412514513038
kmeans,40,nan,,2,4,0.5875194334915438
kmeans,40,nan,,2,5,0.5402724385372083
kmeans,40,nan,,2,6,0.5466773563623947
kmeans,40,nan,,2,7,0.5904695879217422
kmeans,40,nan,,2,8,0.5545575086906893
kmeans,40,nan,,2,9,0.5179868569979605
kmeans,40,nan,,2,10,0.5513062479389474
kmeans,40,nan,,3,4,0.6115933409150319
kmeans,40,nan,,3,5,0.6120853695807295
kmeans,40,nan,,3,6,0.5917161780212485
kmeans,40,nan,,3,7,0.5678468078558688
kmeans,40,nan,,3,8,0.5939498620932784
kmeans,40,nan,,3,9,0.5788986385324103
kmeans,40,nan,,3,10,0.5598995531061192
kmeans,40,nan,,4,5,0.6092134416011741
kmeans,40,nan,,4,6,0.5894751021809951
kmeans,40,nan,,4,7,0.6083998805138092
kmeans,40,nan,,4,8,0.6208721582544792
kmeans,40,nan,,4,9,0.5834924679634181
kmeans,40,nan,,4,10,0.5718110556837193
kmeans,40,nan,,5,6,0.5883868430438511
kmeans,40,nan,,5,7,0.5687821985635751
kmeans,40,nan,,5,8,0.5751471796205554
kmeans,40,nan,,5,9,0.5478470895985612
kmeans,40,nan,,5,10,0.5748479053594566
kmeans,40,nan,,6,7,0.5948783892313088
kmeans,40,nan,,6,8,0.6277427212494865
kmeans,40,nan,,6,9,0.5668817681702845
kmeans,40,nan,,6,10,0.5862956976545821
kmeans,40,nan,,7,8,0.586981717164766
kmeans,40,nan,,7,9,0.5701038203374852
kmeans,40,nan,,7,10,0.5581534961037706
kmeans,40,nan,,8,9,0.5743836829917495
kmeans,40,nan,,8,10,0.6013608126567953
kmeans,40,nan,,9,10,0.5154822777162935
minibatch,40,256,10,1,2,0.48198002873029555
minibatch,40,256,10,1,3,0.44890465120059914
minibatch,40,256,10,1,4,0.5000602423099572
minibatch,40,256,10,1,5,0.416547710068746
minibatch,40,256,10,1,6,0.4368970371382693
minibatch,40,256,10,1,7,0.47282499017966506
minibatch,40,256,10,1,8,0.463046235996992
minibatch,40,256,10,1,9,0.46318840131558076
minibatch,40,256,10,1,10,0.4817011691024756
minibatch,40,256,10,2,3,0.4334547126260837
minibatch,40,256,10,2,4,0.4882330497574187
minibatch,40,256,10,2,5,0.43830437243887405
minibatch,40,256,10,2,6,0.4262487935012718
minibatch,40,256,10,2,7,0.4724732870521856
minibatch,40,256,10,2,8,0.4495018204610849
minibatch,40,256,10,2,9,0.4444449566772167
minibatch,40,256,10,2,10,0.4335304192395555
minibatch,40,256,10,3,4,0.4475731197034086
minibatch,40,256,10,3,5,0.4276680017634906
minibatch,40,256,10,3,6,0.49768820272465647
minibatch,40,256,10,3,7,0.47889440815787576
minibatch,40,256,10,3,8,0.4950887171059247
minibatch,40,256,10,3,9,0.462641521578326
minibatch,40,256,10,3,10,0.4430341684059211
minibatch,40,256,10,4,5,0.4495485157012157
minibatch,40,256,10,4,6,0.45742267619714017
minibatch,40,256,10,4,7,0.48548570162375143
minibatch,40,256,10,4,8,0.4572192924582555
minibatch,40,256,10,4,9,0.48902185821787336
minibatch,40,256,10,4,10,0.4864271242850152
minibatch,40,256,10,5,6,0.43360815391617746
minibatch,40,256,10,5,7,0.4604614938062591
minibatch,40,256,10,5,8,0.423165370268787
minibatch,40,256,10,5,9,0.4400661234705905
minibatch,40,256,10,5,10,0.47090098243486095
minibatch,40,256,10,6,7,0.48872631253177434
minibatch,40,256,10,6,8,0.4705057328037791
minibatch,40,256,10,6,9,0.4531635116473353
minibatch,40,256,10,6,10,0.4634527508110929
minibatch,40,256,10,7,8,0.5006615547744686
minibatch,40,256,10,7,9,0.4673369258625592
minibatch,40,256,10,7,10,0.4669147432799995
minibatch,40,256,10,8,9,0.4634851243313619
minibatch,40,256,10,8,10,0.4597744349362269
minibatch,40,256,10,9,10,0.4300391197332193
minibatch,40,256,50,1,2,0.498240570170478
minibatch,40,256,50,1,3,0.45602335293208346
minibatch,40,256,50,1,4,0.5116743422779487
minibatch,40,256,50,1,5,0.42703382383054483
minibatch,40,256,50,1,6,0.44284377481813336
minibatch,40,256,50,1,7,0.4866007322144194
minibatch,40,256,50,1,8,0.4730061258449727
minibatch,40,256,50,1,9,0.47331532418069583
minibatch,40,256,50,1,10,0.4957283068608371
minibatch,40,256,50,2,3,0.44074302211305244
minibatch,40,256,50,2,4,0.50014706067076
minibatch,40,256,50,2,5,0.4508976840383938
minibatch,40,256,50,2,6,0.4375476019042467
minibatch,40,256,50,2,7,0.4885569408146634
minibatch,40,256,50,2,8,0.46018556842983643
minibatch,40,256,50,2,9,0.4608982177758346
minibatch,40,256,50,2,10,0.45088496175217474
minibatch,40,256,50,3,4,0.45249748599326745
minibatch,40,256,50,3,5,0.4322899820220853
minibatch,40,256,50,3,6,0.5026349671113162
minibatch,40,256,50,3,7,0.4854040177797776
minibatch,40,256,50,3,8,0.5012889518667474
minibatch,40,256,50,3,9,0.4703532870265157
minibatch,40,256,50,3,10,0.4491926551464237
minibatch,40,256,50,4,5,0.45761632777125494
minibatch,40,256,50,4,6,0.4592714484003697
minibatch,40,256,50,4,7,0.4945263745526367
minibatch,40,256,50,4,8,0.4643256796503747
minibatch,40,256,50,4,9,0.49126266188472434
minibatch,40,256,50,4,10,0.4991174175184158
minibatch,40,256,50,5,6,0.43592966113143367
minibatch,40,256,50,5,7,0.4674742468621982
minibatch,40,256,50,5,8,0.42989051967575354
minibatch,40,256,50,5,9,0.44661629393651203
minibatch,40,256,50,5,10,0.482312177215967
minibatch,40,256,50,6,7,0.5008293865611598
minibatch,40,256,50,6,8,0.47386612613861184
minibatch,40,256,50,6,9,0.46185575380075994
minibatch,40,256,50,6,10,0.4733672406377915
minibatch,40,256,50,7,8,0.5112031892865522
minibatch,40,256,50,7,9,0.47791453778990856
minibatch,40,256,50,7,10,0.4822526297098401
minibatch,40,256,50,8,9,0.47176867628391667
minibatch,40,256,50,8,10,0.47183546463349796
minibatch,40,256,50,9,10,0.4392212224189592
minibatch,40,256,None,1,2,0.5342837133782119
minibatch,40,256,None,1,3,0.4923238769221352
minibatch,40,256,None,1,4,0.5488806083704729
minibatch,40,256,None,1,5,0.4728195571632894
minibatch,40,256,None,1,6,0.4671862992402191
minibatch,40,256,None,1,7,0.5310607880510818
minibatch,40,256,None,1,8,0.5069544139425786
minibatch,40,256,None,1,9,0.49264799698583184
minibatch,40,256,None,1,10,0.5281996323823434
minibatch,40,256,None,2,3,0.4755929966628972
minibatch,40,256,None,2,4,0.5236350153063125
minibatch,40,256,None,2,5,0.5006256130219378
minibatch,40,256,None,2,6,0.4656347456834897
minibatch,40,256,None,2,7,0.5100529090260003
minibatch,40,256,None,2,8,0.49419644135892166
minibatch,40,256,None,2,9,0.5104536014742302
minibatch,40,256,None,2,10,0.5052745478105682
minibatch,40,256,None,3,4,0.4881286669378147
minibatch,40,256,None,3,5,0.4584452770564107
minibatch,40,256,None,3,6,0.5054630726620309
minibatch,40,256,None,3,7,0.5176394970246156
minibatch,40,256,None,3,8,0.5503881844801124
minibatch,40,256,None,3,9,0.5046393954768781
minibatch,40,256,None,3,10,0.4892283513890127
minibatch,40,256,None,4,5,0.49500315322133964
minibatch,40,256,None,4,6,0.47688404585584665
minibatch,40,256,None,4,7,0.5333256818283603
minibatch,40,256,None,4,8,0.5052876539175998
minibatch,40,256,None,4,9,0.5129376534150061
minibatch,40,256,None,4,10,0.5341605308618395
minibatch,40,256,None,5,6,0.46590740780196804
minibatch,40,256,None,5,7,0.5093307366458318
minibatch,40,256,None,5,8,0.4671140436560535
minibatch,40,256,None,5,9,0.48299189202180093
minibatch,40,256,None,5,10,0.525854652694984
minibatch,40,256,None,6,7,0.5370389239635851
minibatch,40,256,None,6,8,0.48740835982098335
minibatch,40,256,None,6,9,0.49587954403232576
minibatch,40,256,None,6,10,0.5056155055581725
minibatch,40,256,None,7,8,0.548145743252326
minibatch,40,256,None,7,9,0.5155906074025453
minibatch,40,256,None,7,10,0.5351284131877887
minibatch,40,256,None,8,9,0.5111087226190517
minibatch,40,256,None,8,10,0.51886970706262
minibatch,40,256,None,9,10,0.4794312966677993
