method,k,batch_size,seed_a,seed_b,stability_ari
kmeans,10,nan,1,2,0.6742891690814482
kmeans,10,nan,1,3,0.5962256664498111
kmeans,10,nan,1,4,0.7233236365428511
kmeans,10,nan,1,5,0.6261256534992276
kmeans,10,nan,1,6,0.6060439345351691
kmeans,10,nan,1,7,0.5324750133425101
kmeans,10,nan,1,8,0.5931175468408256
kmeans,10,nan,1,9,0.6238520580085928
kmeans,10,nan,1,10,0.7295591396595772
kmeans,10,nan,2,3,0.7490308815605926
kmeans,10,nan,2,4,0.7427464951429453
kmeans,10,nan,2,5,0.7962141064825756
kmeans,10,nan,2,6,0.6982180308285211
kmeans,10,nan,2,7,0.6414528903536515
kmeans,10,nan,2,8,0.6434585648028897
kmeans,10,nan,2,9,0.7479022284268952
kmeans,10,nan,2,10,0.6788885191297175
kmeans,10,nan,3,4,0.7414412460619787
kmeans,10,nan,3,5,0.7111075226976137
kmeans,10,nan,3,6,0.6600504957884221
kmeans,10,nan,3,7,0.619102006780921
kmeans,10,nan,3,8,0.6670358655769494
kmeans,10,nan,3,9,0.6801396877995971
kmeans,10,nan,3,10,0.6304110868788315
kmeans,10,nan,4,5,0.7114120062268097
kmeans,10,nan,4,6,0.6735926744133551
kmeans,10,nan,4,7,0.6236501879002184
kmeans,10,nan,4,8,0.7383196800459567
kmeans,10,nan,4,9,0.7026581776518738
kmeans,10,nan,4,10,0.7420310503074685
kmeans,10,nan,5,6,0.701228379780803
kmeans,10,nan,5,7,0.6338777498002142
kmeans,10,nan,5,8,0.6077288482399982
kmeans,10,nan,5,9,0.8272070434451483
kmeans,10,nan,5,10,0.638996109048295
kmeans,10,nan,6,7,0.5424671513661306
kmeans,10,nan,6,8,0.6779530734870385
kmeans,10,nan,6,9,0.7273002679813
kmeans,10,nan,6,10,0.635480417712683
kmeans,10,nan,7,8,0.5385114734743452
kmeans,10,nan,7,9,0.5963523616110822
kmeans,10,nan,7,10,0.6212818631444941
kmeans,10,nan,8,9,0.6178987831857399
kmeans,10,nan,8,10,0.6436904656638118
kmeans,10,nan,9,10,0.6468384574338749
minibatch,10,256,1,2,0.48073842635952574
minibatch,10,256,1,3,0.4679625842014024
minibatch,10,256,1,4,0.39731266057068315
minibatch,10,256,1,5,0.4860321437389953
minibatch,10,256,1,6,0.4445967952508494
minibatch,10,256,1,7,0.49494913324158857
minibatch,10,256,1,8,0.5313630862155999
minibatch,10,256,1,9,0.5014622021618244
minibatch,10,256,1,10,0.5473333375997241
minibatch,10,256,2,3,0.43591129712488336
minibatch,10,256,2,4,0.4075984529857751
minibatch,10,256,2,5,0.4976328004508811
minibatch,10,256,2,6,0.4737612880662812
minibatch,10,256,2,7,0.47897006808513354
minibatch,10,256,2,8,0.41760344381191
minibatch,10,256,2,9,0.4093092412986134
minibatch,10,256,2,10,0.47966400245700347
minibatch,10,256,3,4,0.49738634759489564
minibatch,10,256,3,5,0.471926984377032
minibatch,10,256,3,6,0.4939022041187731
minibatch,10,256,3,7,0.48585157913528554
minibatch,10,256,3,8,0.503794829610968
minibatch,10,256,3,9,0.5679421578631327
minibatch,10,256,3,10,0.5102359117266955
minibatch,10,256,4,5,0.37511088568334067
minibatch,10,256,4,6,0.37851127676750224
minibatch,10,256,4,7,0.4420255985555846
minibatch,10,256,4,8,0.43317542786872626
minibatch,10,256,4,9,0.5131671491025546
minibatch,10,256,4,10,0.4227413976315516
minibatch,10,256,5,6,0.5656498812353071
minibatch,10,256,5,7,0.5477293870344352
minibatch,10,256,5,8,0.4891658180063037
minibatch,10,256,5,9,0.5385527583860031
minibatch,10,256,5,10,0.5087353955105688
minibatch,10,256,6,7,0.45045638437838276
minibatch,10,256,6,8,0.5260975486094676
minibatch,10,256,6,9,0.4652209206908707
minibatch,10,256,6,10,0.4978955024745774
minibatch,10,256,7,8,0.4163742933508565
minibatch,10,256,7,9,0.45919036660137197
minibatch,10,256,7,10,0.5152902301052013
minibatch,10,256,8,9,0.5172179515063586
minibatch,10,256,8,10,0.4885066111251283
minibatch,10,256,9,10,0.5345661181753483
minibatch,10,512,1,2,0.5135875505939995
minibatch,10,512,1,3,0.5468118015025454
minibatch,10,512,1,4,0.520788881043486
minibatch,10,512,1,5,0.5233680980299036
minibatch,10,512,1,6,0.5126912857630807
minibatch,10,512,1,7,0.49610245791049556
minibatch,10,512,1,8,0.5305040998842363
minibatch,10,512,1,9,0.4578117388213876
minibatch,10,512,1,10,0.6071911591631852
minibatch,10,512,2,3,0.4711490344911126
minibatch,10,512,2,4,0.4030336880977033
minibatch,10,512,2,5,0.5742027635223355
minibatch,10,512,2,6,0.4862112151745579
minibatch,10,512,2,7,0.5494994967264427
minibatch,10,512,2,8,0.46025908932885995
minibatch,10,512,2,9,0.4244429361886925
minibatch,10,512,2,10,0.5356506191996846
minibatch,10,512,3,4,0.47787411688082465
minibatch,10,512,3,5,0.5269222774838572
minibatch,10,512,3,6,0.5498959394060572
minibatch,10,512,3,7,0.5237331096253582
minibatch,10,512,3,8,0.5376947757876224
minibatch,10,512,3,9,0.5036759269168047
minibatch,10,512,3,10,0.49366781034871116
minibatch,10,512,4,5,0.43999898607101473
minibatch,10,512,4,6,0.41558608894331
minibatch,10,512,4,7,0.44074285044254224
minibatch,10,512,4,8,0.4435507192278255
minibatch,10,512,4,9,0.4185665580216411
minibatch,10,512,4,10,0.5074655823659658
minibatch,10,512,5,6,0.5420366119028289
minibatch,10,512,5,7,0.49244407660393463
minibatch,10,512,5,8,0.5178669788431036
minibatch,10,512,5,9,0.569394519772736
minibatch,10,512,5,10,0.5526721052897513
minibatch,10,512,6,7,0.4655538669182929
minibatch,10,512,6,8,0.5908577737913493
minibatch,10,512,6,9,0.5442793129074678
minibatch,10,512,6,10,0.49673804462188226
minibatch,10,512,7,8,0.435658484944705
minibatch,10,512,7,9,0.443990627947421
minibatch,10,512,7,10,0.49515467768522287
minibatch,10,512,8,9,0.4683916790692996
minibatch,10,512,8,10,0.5244890606508494
minibatch,10,512,9,10,0.4413007747983424
minibatch,10,1024,1,2,0.5063619530720228
minibatch,10,1024,1,3,0.5193450260119203
minibatch,10,1024,1,4,0.49796399375146466
minibatch,10,1024,1,5,0.5112943056503401
minibatch,10,1024,1,6,0.5199621563307102
minibatch,10,1024,1,7,0.5009863613669976
minibatch,10,1024,1,8,0.5387632611565605
minibatch,10,1024,1,9,0.5234833632531101
minibatch,10,1024,1,10,0.5831837496225736
minibatch,10,1024,2,3,0.473714352286071
minibatch,10,1024,2,4,0.4020676475052741
minibatch,10,1024,2,5,0.49816434000489695
minibatch,10,1024,2,6,0.4917847359073377
minibatch,10,1024,2,7,0.5172168038681589
minibatch,10,1024,2,8,0.45580564894064596
minibatch,10,1024,2,9,0.4643603548920577
minibatch,10,1024,2,10,0.4847164478023896
minibatch,10,1024,3,4,0.5061382407624826
minibatch,10,1024,3,5,0.5390440367668167
minibatch,10,1024,3,6,0.558285766220901
minibatch,10,1024,3,7,0.5611982984966926
minibatch,10,1024,3,8,0.5374812258239582
minibatch,10,1024,3,9,0.5389703680811728
minibatch,10,1024,3,10,0.48567257063896413
minibatch,10,1024,4,5,0.4324018418979121
minibatch,10,1024,4,6,0.40559506591091593
minibatch,10,1024,4,7,0.45137770541690475
minibatch,10,1024,4,8,0.4462814086044165
minibatch,10,1024,4,9,0.4746686183875289
minibatch,10,1024,4,10,0.4699432407479186
minibatch,10,1024,5,6,0.5821655924831062
minibatch,10,1024,5,7,0.509395324049816
minibatch,10,1024,5,8,0.5245407379168574
minibatch,10,1024,5,9,0.581820066209425
minibatch,10,1024,5,10,0.507506286373164
minibatch,10,1024,6,7,0.47024653915286485
minibatch,10,1024,6,8,0.5720042890900056
minibatch,10,1024,6,9,0.5898538370201443
minibatch,10,1024,6,10,0.4985481545198607
minibatch,10,1024,7,8,0.44361476225348084
minibatch,10,1024,7,9,0.4473477736087017
minibatch,10,1024,7,10,0.49208926469975894
minibatch,10,1024,8,9,0.5057288747898885
minibatch,10,1024,8,10,0.4820854465794641
minibatch,10,1024,9,10,0.48975337988727596
minibatch,10,2048,1,2,0.5066421275638099
minibatch,10,2048,1,3,0.529117389083927
minibatch,10,2048,1,4,0.4373696199401382
minibatch,10,2048,1,5,0.4672162141296279
minibatch,10,2048,1,6,0.506351821248901
minibatch,10,2048,1,7,0.4837025909446734
minibatch,10,2048,1,8,0.5152292292063206
minibatch,10,2048,1,9,0.5172022018096954
minibatch,10,2048,1,10,0.5699528490560863
minibatch,10,2048,2,3,0.4765937325818823
minibatch,10,2048,2,4,0.39432053770800785
minibatch,10,2048,2,5,0.4739520917816241
minibatch,10,2048,2,6,0.5033162341264569
minibatch,10,2048,2,7,0.49784342923351405
minibatch,10,2048,2,8,0.48469607684038146
minibatch,10,2048,2,9,0.4750884106348418
minibatch,10,2048,2,10,0.4862922716151697
minibatch,10,2048,3,4,0.46831623881115164
minibatch,10,2048,3,5,0.5094523457054555
minibatch,10,2048,3,6,0.5454657105667281
minibatch,10,2048,3,7,0.538933168150526
minibatch,10,2048,3,8,0.5235835181258841
minibatch,10,2048,3,9,0.5294806707672618
minibatch,10,2048,3,10,0.4710201779543713
minibatch,10,2048,4,5,0.38427640968189036
minibatch,10,2048,4,6,0.39704808976443995
minibatch,10,2048,4,7,0.43514264709262257
minibatch,10,2048,4,8,0.4365298910631163
minibatch,10,2048,4,9,0.4857312979719291
minibatch,10,2048,4,10,0.4716326399438784
minibatch,10,2048,5,6,0.5573940718720871
minibatch,10,2048,5,7,0.5134458715616005
minibatch,10,2048,5,8,0.5121372026201714
minibatch,10,2048,5,9,0.5200740585767533
minibatch,10,2048,5,10,0.4883129898370023
minibatch,10,2048,6,7,0.48774743754965205
minibatch,10,2048,6,8,0.5749833379549115
minibatch,10,2048,6,9,0.5918583919063326
minibatch,10,2048,6,10,0.4750140236625697
minibatch,10,2048,7,8,0.44267253938623696
minibatch,10,2048,7,9,0.45324215958256797
minibatch,10,2048,7,10,0.46849412043138605
minibatch,10,2048,8,9,0.51899200853643
minibatch,10,2048,8,10,0.436743366365281
minibatch,10,2048,9,10,0.4798873160932403
kmeans,17,nan,1,2,0.4815468718427456
kmeans,17,nan,1,3,0.5780480801660602
kmeans,17,nan,1,4,0.6209681199965451
kmeans,17,nan,1,5,0.5988657431988375
kmeans,17,nan,1,6,0.677166963570246
kmeans,17,nan,1,7,0.571319318972385
kmeans,17,nan,1,8,0.5687046273819469
kmeans,17,nan,1,9,0.6145802126560983
kmeans,17,nan,1,10,0.6145190773339324
kmeans,17,nan,2,3,0.563885949719992
kmeans,17,nan,2,4,0.5153708881095802
kmeans,17,nan,2,5,0.5364918715557357
kmeans,17,nan,2,6,0.5329986242318199
kmeans,17,nan,2,7,0.5657374034168925
kmeans,17,nan,2,8,0.48982813271633685
kmeans,17,nan,2,9,0.5240636742851726
kmeans,17,nan,2,10,0.49998687407130343
kmeans,17,nan,3,4,0.5581982550099893
kmeans,17,nan,3,5,0.6734850643714361
kmeans,17,nan,3,6,0.6107436217152336
kmeans,17,nan,3,7,0.6074568953313235
kmeans,17,nan,3,8,0.5732246243751054
kmeans,17,nan,3,9,0.6682722141461396
kmeans,17,nan,3,10,0.5009453788944983
kmeans,17,nan,4,5,0.6329901739742207
kmeans,17,nan,4,6,0.6002652929860011
kmeans,17,nan,4,7,0.6122853786732355
kmeans,17,nan,4,8,0.550605356804939
kmeans,17,nan,4,9,0.6611688751500246
kmeans,17,nan,4,10,0.5436931097587319
kmeans,17,nan,5,6,0.5815498504019019
kmeans,17,nan,5,7,0.5031677988662693
kmeans,17,nan,5,8,0.5220443871450433
kmeans,17,nan,5,9,0.7432513720347197
kmeans,17,nan,5,10,0.5383867013411474
kmeans,17,nan,6,7,0.5799035090469448
kmeans,17,nan,6,8,0.5606822611300124
kmeans,17,nan,6,9,0.5947160804989866
kmeans,17,nan,6,10,0.6672116273452211
kmeans,17,nan,7,8,0.6948369290288171
kmeans,17,nan,7,9,0.5841691200129031
kmeans,17,nan,7,10,0.545051533236554
kmeans,17,nan,8,9,0.552678429330109
kmeans,17,nan,8,10,0.5572950195085581
kmeans,17,nan,9,10,0.5670614191994339
minibatch,17,256,1,2,0.44691548353753596
minibatch,17,256,1,3,0.5322870988535223
minibatch,17,256,1,4,0.4840441396956687
minibatch,17,256,1,5,0.4640155310229457
minibatch,17,256,1,6,0.48873401484155876
minibatch,17,256,1,7,0.5570690975983696
minibatch,17,256,1,8,0.42104334294486134
minibatch,17,256,1,9,0.545504789566538
minibatch,17,256,1,10,0.476794109906164
minibatch,17,256,2,3,0.4327640003120094
minibatch,17,256,2,4,0.4748616365235622
minibatch,17,256,2,5,0.5316845755431036
minibatch,17,256,2,6,0.37325881861982946
minibatch,17,256,2,7,0.44372125484723235
minibatch,17,256,2,8,0.39815973833303986
minibatch,17,256,2,9,0.4065923420984031
minibatch,17,256,2,10,0.4191925128832369
minibatch,17,256,3,4,0.4196460632560183
minibatch,17,256,3,5,0.5062587259415992
minibatch,17,256,3,6,0.47109102567271666
minibatch,17,256,3,7,0.5201186962450214
minibatch,17,256,3,8,0.44241104586583707
minibatch,17,256,3,9,0.5613969120404968
minibatch,17,256,3,10,0.45630189856743403
minibatch,17,256,4,5,0.4785337317632676
minibatch,17,256,4,6,0.41975474858020057
minibatch,17,256,4,7,0.4595856505032609
minibatch,17,256,4,8,0.37783097975004704
minibatch,17,256,4,9,0.4743271204875242
minibatch,17,256,4,10,0.42540162889395505
minibatch,17,256,5,6,0.46448971342653
minibatch,17,256,5,7,0.47780265443744524
minibatch,17,256,5,8,0.42727168084267336
minibatch,17,256,5,9,0.4763192429865946
minibatch,17,256,5,10,0.40999788596692216
minibatch,17,256,6,7,0.5448966247450538
minibatch,17,256,6,8,0.40600435657529044
minibatch,17,256,6,9,0.4651681755414199
minibatch,17,256,6,10,0.497942229433172
minibatch,17,256,7,8,0.477460344994446
minibatch,17,256,7,9,0.5443209602979917
minibatch,17,256,7,10,0.47849706792065827
minibatch,17,256,8,9,0.4606363283150247
minibatch,17,256,8,10,0.4541833172587178
minibatch,17,256,9,10,0.44064539984546536
minibatch,17,512,1,2,0.42499626961237263
minibatch,17,512,1,3,0.38062739329088363
minibatch,17,512,1,4,0.48733701158208953
minibatch,17,512,1,5,0.476152777186108
minibatch,17,512,1,6,0.4468774490796785
minibatch,17,512,1,7,0.44783081321481966
minibatch,17,512,1,8,0.439295189537224
minibatch,17,512,1,9,0.4500316505253673
minibatch,17,512,1,10,0.3916315374822228
minibatch,17,512,2,3,0.4194004746160794
minibatch,17,512,2,4,0.4582926361408219
minibatch,17,512,2,5,0.551263876855016
minibatch,17,512,2,6,0.36491554393811465
minibatch,17,512,2,7,0.4225904259946615
minibatch,17,512,2,8,0.43791221224498555
minibatch,17,512,2,9,0.44544647921809793
minibatch,17,512,2,10,0.4242650327516812
minibatch,17,512,3,4,0.3969469032258005
minibatch,17,512,3,5,0.537191433295709
minibatch,17,512,3,6,0.48701656973407503
minibatch,17,512,3,7,0.4638524496812342
minibatch,17,512,3,8,0.4144812302263547
minibatch,17,512,3,9,0.5122525018260911
minibatch,17,512,3,10,0.44742493919249604
minibatch,17,512,4,5,0.48882169816736376
minibatch,17,512,4,6,0.3856737253204993
minibatch,17,512,4,7,0.5052858836776956
minibatch,17,512,4,8,0.38927101140168835
minibatch,17,512,4,9,0.4871464401430541
minibatch,17,512,4,10,0.4135206834163488
minibatch,17,512,5,6,0.4551676286972155
minibatch,17,512,5,7,0.4364555495787443
minibatch,17,512,5,8,0.4414489601742952
minibatch,17,512,5,9,0.5191994951199412
minibatch,17,512,5,10,0.41158473905558685
minibatch,17,512,6,7,0.4538895941946452
minibatch,17,512,6,8,0.4232497144084882
minibatch,17,512,6,9,0.4463423224723924
minibatch,17,512,6,10,0.4964362251934039
minibatch,17,512,7,8,0.4105814335880033
minibatch,17,512,7,9,0.46859487237358066
minibatch,17,512,7,10,0.5362657435571392
minibatch,17,512,8,9,0.36269615086049534
minibatch,17,512,8,10,0.471720877151895
minibatch,17,512,9,10,0.3907030765119875
minibatch,17,1024,1,2,0.4327158268653796
minibatch,17,1024,1,3,0.42821880040224
minibatch,17,1024,1,4,0.5091363663695075
minibatch,17,1024,1,5,0.49719050701371237
minibatch,17,1024,1,6,0.46046794668266355
minibatch,17,1024,1,7,0.4273810152016498
minibatch,17,1024,1,8,0.44938678267418436
minibatch,17,1024,1,9,0.47591196088224985
minibatch,17,1024,1,10,0.41966428440476605
minibatch,17,1024,2,3,0.4215444004966378
minibatch,17,1024,2,4,0.49401718665163064
minibatch,17,1024,2,5,0.4890846790930911
minibatch,17,1024,2,6,0.34491292519770855
minibatch,17,1024,2,7,0.4421486365355408
minibatch,17,1024,2,8,0.400280140937632
minibatch,17,1024,2,9,0.4513181759144528
minibatch,17,1024,2,10,0.3715290977146179
minibatch,17,1024,3,4,0.4384013285783991
minibatch,17,1024,3,5,0.5444729055022187
minibatch,17,1024,3,6,0.47972351878397024
minibatch,17,1024,3,7,0.47952411557585184
minibatch,17,1024,3,8,0.4398813418660803
minibatch,17,1024,3,9,0.505807583365041
minibatch,17,1024,3,10,0.44182894227362324
minibatch,17,1024,4,5,0.5308754523265142
minibatch,17,1024,4,6,0.4136356850286459
minibatch,17,1024,4,7,0.4783156095832902
minibatch,17,1024,4,8,0.38429188816757126
minibatch,17,1024,4,9,0.5290731054481129
minibatch,17,1024,4,10,0.39004031811835027
minibatch,17,1024,5,6,0.4538204055524791
minibatch,17,1024,5,7,0.43791842767499894
minibatch,17,1024,5,8,0.4483112496974151
minibatch,17,1024,5,9,0.48399521541157986
minibatch,17,1024,5,10,0.39379781685084453
minibatch,17,1024,6,7,0.47911116507000595
minibatch,17,1024,6,8,0.4282313704673736
minibatch,17,1024,6,9,0.4098078191563659
minibatch,17,1024,6,10,0.49573468702620094
minibatch,17,1024,7,8,0.40739493911634567
minibatch,17,1024,7,9,0.49124378335615004
minibatch,17,1024,7,10,0.3855387952865482
minibatch,17,1024,8,9,0.3852120260518338
minibatch,17,1024,8,10,0.4394477586757611
minibatch,17,1024,9,10,0.3385595476757074
minibatch,17,2048,1,2,0.4432183609394285
minibatch,17,2048,1,3,0.4486959224031173
minibatch,17,2048,1,4,0.4540247514446216
minibatch,17,2048,1,5,0.48769304108908207
minibatch,17,2048,1,6,0.4568153839063829
minibatch,17,2048,1,7,0.4483499045905874
minibatch,17,2048,1,8,0.42286445357993846
minibatch,17,2048,1,9,0.46884284390245395
minibatch,17,2048,1,10,0.41939169624897193
minibatch,17,2048,2,3,0.4328468753369186
minibatch,17,2048,2,4,0.4699717573620324
minibatch,17,2048,2,5,0.523438492275626
minibatch,17,2048,2,6,0.36514250545484506
minibatch,17,2048,2,7,0.4175968151940161
minibatch,17,2048,2,8,0.386427239672515
minibatch,17,2048,2,9,0.43769954252713567
minibatch,17,2048,2,10,0.3887943378669329
minibatch,17,2048,3,4,0.42430333034720086
minibatch,17,2048,3,5,0.5792101923948759
minibatch,17,2048,3,6,0.49725567783535646
minibatch,17,2048,3,7,0.5538054122626532
minibatch,17,2048,3,8,0.4989678491759469
minibatch,17,2048,3,9,0.49100759284341944
minibatch,17,2048,3,10,0.43329754932181713
minibatch,17,2048,4,5,0.47162977265998585
minibatch,17,2048,4,6,0.38472733640379486
minibatch,17,2048,4,7,0.42560935966004365
minibatch,17,2048,4,8,0.3618129644028699
minibatch,17,2048,4,9,0.4952727909478635
minibatch,17,2048,4,10,0.4049323391048055
minibatch,17,2048,5,6,0.4652360202449701
minibatch,17,2048,5,7,0.44791222589119134
minibatch,17,2048,5,8,0.42686024351796537
minibatch,17,2048,5,9,0.49941967676796206
minibatch,17,2048,5,10,0.3989319116333796
minibatch,17,2048,6,7,0.47403174973259815
minibatch,17,2048,6,8,0.4413408402671594
minibatch,17,2048,6,9,0.4189567898281265
minibatch,17,2048,6,10,0.48216153452443244
minibatch,17,2048,7,8,0.4294364671824183
minibatch,17,2048,7,9,0.4886701577972621
minibatch,17,2048,7,10,0.38435465024659604
minibatch,17,2048,8,9,0.38591948748920774
minibatch,17,2048,8,10,0.4401292257235678
minibatch,17,2048,9,10,0.37362151430272494
kmeans,20,nan,1,2,0.47275572345416983
kmeans,20,nan,1,3,0.6650862911665322
kmeans,20,nan,1,4,0.49943614226923627
kmeans,20,nan,1,5,0.5592645409943029
kmeans,20,nan,1,6,0.6234976086154934
kmeans,20,nan,1,7,0.6035516285913933
kmeans,20,nan,1,8,0.698983666453986
kmeans,20,nan,1,9,0.5998544770820994
kmeans,20,nan,1,10,0.5441555565729291
kmeans,20,nan,2,3,0.5820031633602333
kmeans,20,nan,2,4,0.5498538445206587
kmeans,20,nan,2,5,0.5026908999292372
kmeans,20,nan,2,6,0.5668178794281757
kmeans,20,nan,2,7,0.4835202348317018
kmeans,20,nan,2,8,0.5043015511224002
kmeans,20,nan,2,9,0.531691612804423
kmeans,20,nan,2,10,0.5817913719879126
kmeans,20,nan,3,4,0.5721175881346758
kmeans,20,nan,3,5,0.6203274102624712
kmeans,20,nan,3,6,0.7313915498341135
kmeans,20,nan,3,7,0.595746881435505
kmeans,20,nan,3,8,0.7279843810441998
kmeans,20,nan,3,9,0.606814573314656
kmeans,20,nan,3,10,0.6156787992254683
kmeans,20,nan,4,5,0.5840775225327506
kmeans,20,nan,4,6,0.5138924416958163
kmeans,20,nan,4,7,0.5221274505770238
kmeans,20,nan,4,8,0.5161256181899733
kmeans,20,nan,4,9,0.5322349745187939
kmeans,20,nan,4,10,0.6811831751395024
kmeans,20,nan,5,6,0.5916956315950808
kmeans,20,nan,5,7,0.6632497778027782
kmeans,20,nan,5,8,0.6020348841770897
kmeans,20,nan,5,9,0.6137492515917984
kmeans,20,nan,5,10,0.6374366643134153
kmeans,20,nan,6,7,0.5890656966101586
kmeans,20,nan,6,8,0.6670315350205226
kmeans,20,nan,6,9,0.5618161136553983
kmeans,20,nan,6,10,0.5605869696884527
kmeans,20,nan,7,8,0.6040775945459538
kmeans,20,nan,7,9,0.7671815289672377
kmeans,20,nan,7,10,0.5726357367712512
kmeans,20,nan,8,9,0.6524475613062607
kmeans,20,nan,8,10,0.5550290450584703
kmeans,20,nan,9,10,0.5475971032039502
minibatch,20,256,1,2,0.4194366250071693
minibatch,20,256,1,3,0.49895262861108863
minibatch,20,256,1,4,0.40414763081458577
minibatch,20,256,1,5,0.5005309688372696
minibatch,20,256,1,6,0.43620231170907814
minibatch,20,256,1,7,0.4497841426329338
minibatch,20,256,1,8,0.5017920282993814
minibatch,20,256,1,9,0.4291000561522506
minibatch,20,256,1,10,0.4546841814124967
minibatch,20,256,2,3,0.49274034601940475
minibatch,20,256,2,4,0.44708469498949294
minibatch,20,256,2,5,0.46518385116296695
minibatch,20,256,2,6,0.4811004014906523
minibatch,20,256,2,7,0.4451997858706022
minibatch,20,256,2,8,0.46744822797469693
minibatch,20,256,2,9,0.4651174469581929
minibatch,20,256,2,10,0.4549336292470281
minibatch,20,256,3,4,0.5076449948169747
minibatch,20,256,3,5,0.4799366566313818
minibatch,20,256,3,6,0.5161508562554359
minibatch,20,256,3,7,0.461567133497247
minibatch,20,256,3,8,0.3970529191636626
minibatch,20,256,3,9,0.43557828544493354
minibatch,20,256,3,10,0.4449859895058832
minibatch,20,256,4,5,0.4348571600695921
minibatch,20,256,4,6,0.46853690236972867
minibatch,20,256,4,7,0.5043370278960121
minibatch,20,256,4,8,0.4059958715145264
minibatch,20,256,4,9,0.4125624573180378
minibatch,20,256,4,10,0.4413770972153464
minibatch,20,256,5,6,0.4976111981579509
minibatch,20,256,5,7,0.5079468618339829
minibatch,20,256,5,8,0.4501297757587117
minibatch,20,256,5,9,0.46346074461464554
minibatch,20,256,5,10,0.4791009741504722
minibatch,20,256,6,7,0.4912909546084269
minibatch,20,256,6,8,0.44720248557510134
minibatch,20,256,6,9,0.46969838480090287
minibatch,20,256,6,10,0.41671132558427554
minibatch,20,256,7,8,0.44797592049506435
minibatch,20,256,7,9,0.5032286254530505
minibatch,20,256,7,10,0.39238364121337765
minibatch,20,256,8,9,0.441956070605357
minibatch,20,256,8,10,0.35959564289929646
minibatch,20,256,9,10,0.3977272143167193
minibatch,20,512,1,2,0.3817672224277105
minibatch,20,512,1,3,0.5076983445715246
minibatch,20,512,1,4,0.41988799525470566
minibatch,20,512,1,5,0.4858805644938832
minibatch,20,512,1,6,0.43195152876073745
minibatch,20,512,1,7,0.4851439689916543
minibatch,20,512,1,8,0.4755340228649287
minibatch,20,512,1,9,0.4813184410183652
minibatch,20,512,1,10,0.47246262061676203
minibatch,20,512,2,3,0.44091483227539946
minibatch,20,512,2,4,0.4149943429129802
minibatch,20,512,2,5,0.4732962511809365
minibatch,20,512,2,6,0.495450322056738
minibatch,20,512,2,7,0.39495220043010903
minibatch,20,512,2,8,0.4770655012454276
minibatch,20,512,2,9,0.4513492176759611
minibatch,20,512,2,10,0.4643765080669924
minibatch,20,512,3,4,0.4659927501442318
minibatch,20,512,3,5,0.4814234829021022
minibatch,20,512,3,6,0.43409763692683234
minibatch,20,512,3,7,0.4017364283379802
minibatch,20,512,3,8,0.42479570887653667
minibatch,20,512,3,9,0.4037984228083869
minibatch,20,512,3,10,0.4837472727643482
minibatch,20,512,4,5,0.48390985715307244
minibatch,20,512,4,6,0.4586648153052882
minibatch,20,512,4,7,0.4751003090864938
minibatch,20,512,4,8,0.4208686605255665
minibatch,20,512,4,9,0.3992400515678946
minibatch,20,512,4,10,0.4729267961191594
minibatch,20,512,5,6,0.4649659002255589
minibatch,20,512,5,7,0.5271038990107999
minibatch,20,512,5,8,0.4890657045310941
minibatch,20,512,5,9,0.4364455653018662
minibatch,20,512,5,10,0.449109769462172
minibatch,20,512,6,7,0.5061316558996756
minibatch,20,512,6,8,0.5055059931327461
minibatch,20,512,6,9,0.5287285595878936
minibatch,20,512,6,10,0.49233566382588617
minibatch,20,512,7,8,0.49377476194086656
minibatch,20,512,7,9,0.44164607499121683
minibatch,20,512,7,10,0.4300969747802837
minibatch,20,512,8,9,0.5729717524808484
minibatch,20,512,8,10,0.40745960851735474
minibatch,20,512,9,10,0.4589053028733603
minibatch,20,1024,1,2,0.3804302177421895
minibatch,20,1024,1,3,0.5097898155043812
minibatch,20,1024,1,4,0.4097030764239645
minibatch,20,1024,1,5,0.46109861799459156
minibatch,20,1024,1,6,0.4229352480317615
minibatch,20,1024,1,7,0.44268816571462644
minibatch,20,1024,1,8,0.4521280920388799
minibatch,20,1024,1,9,0.4826692786018185
minibatch,20,1024,1,10,0.44450145814113456
minibatch,20,1024,2,3,0.4592232955535587
minibatch,20,1024,2,4,0.44465032856862313
minibatch,20,1024,2,5,0.4696176725890452
minibatch,20,1024,2,6,0.4760496943337621
minibatch,20,1024,2,7,0.4269721450481042
minibatch,20,1024,2,8,0.43636952774893206
minibatch,20,1024,2,9,0.4875752052613853
minibatch,20,1024,2,10,0.4552220843577472
minibatch,20,1024,3,4,0.43343279606958396
minibatch,20,1024,3,5,0.4481351665552397
minibatch,20,1024,3,6,0.43830627549549533
minibatch,20,1024,3,7,0.4433156735208068
minibatch,20,1024,3,8,0.41199288294400577
minibatch,20,1024,3,9,0.42890708507312403
minibatch,20,1024,3,10,0.43851039906452494
minibatch,20,1024,4,5,0.4749132564958261
minibatch,20,1024,4,6,0.45666708875483625
minibatch,20,1024,4,7,0.4702161979521992
minibatch,20,1024,4,8,0.4073878465163883
minibatch,20,1024,4,9,0.44466979247585753
minibatch,20,1024,4,10,0.4356496958970438
minibatch,20,1024,5,6,0.4593463940766837
minibatch,20,1024,5,7,0.4955877578770886
minibatch,20,1024,5,8,0.4794147240823214
minibatch,20,1024,5,9,0.43604134148393525
minibatch,20,1024,5,10,0.40528020933832204
minibatch,20,1024,6,7,0.5059187315919775
minibatch,20,1024,6,8,0.4440204394326376
minibatch,20,1024,6,9,0.4655654207002527
minibatch,20,1024,6,10,0.40766002169445686
minibatch,20,1024,7,8,0.4386221637235367
minibatch,20,1024,7,9,0.4508923907598053
minibatch,20,1024,7,10,0.3974512833398719
minibatch,20,1024,8,9,0.5070279153457169
minibatch,20,1024,8,10,0.37796470671432053
minibatch,20,1024,9,10,0.4575650784664013
minibatch,20,2048,1,2,0.3599592177716326
minibatch,20,2048,1,3,0.4830440375900194
minibatch,20,2048,1,4,0.37977041647651605
minibatch,20,2048,1,5,0.45999990800946927
minibatch,20,2048,1,6,0.409933202620223
minibatch,20,2048,1,7,0.4592896503427617
minibatch,20,2048,1,8,0.4767189813821364
minibatch,20,2048,1,9,0.4821675081964323
minibatch,20,2048,1,10,0.42558458333604154
minibatch,20,2048,2,3,0.46145400384820845
minibatch,20,2048,2,4,0.44688042304412817
minibatch,20,2048,2,5,0.4601474311324419
minibatch,20,2048,2,6,0.4606341268592341
minibatch,20,2048,2,7,0.40401370428453126
minibatch,20,2048,2,8,0.44412331258026366
minibatch,20,2048,2,9,0.44311235241236563
minibatch,20,2048,2,10,0.4352329087970681
minibatch,20,2048,3,4,0.46303680106244
minibatch,20,2048,3,5,0.4589847381534146
minibatch,20,2048,3,6,0.40915318000354595
minibatch,20,2048,3,7,0.4275962993700266
minibatch,20,2048,3,8,0.4008361764840489
minibatch,20,2048,3,9,0.4227173682006149
minibatch,20,2048,3,10,0.4445290203228824
minibatch,20,2048,4,5,0.5204673786836627
minibatch,20,2048,4,6,0.42803708414886105
minibatch,20,2048,4,7,0.46549556254816027
minibatch,20,2048,4,8,0.3987594259820645
minibatch,20,2048,4,9,0.4197316473554299
minibatch,20,2048,4,10,0.4336386010528875
minibatch,20,2048,5,6,0.4388499410192546
minibatch,20,2048,5,7,0.5055603776391975
minibatch,20,2048,5,8,0.4582880426582303
minibatch,20,2048,5,9,0.43707420019984156
minibatch,20,2048,5,10,0.4212413043364871
minibatch,20,2048,6,7,0.514616685039697
minibatch,20,2048,6,8,0.44161074615967716
minibatch,20,2048,6,9,0.4390152436724285
minibatch,20,2048,6,10,0.40641749016964235
minibatch,20,2048,7,8,0.4381545349454511
minibatch,20,2048,7,9,0.445729249902936
minibatch,20,2048,7,10,0.42019467509968156
minibatch,20,2048,8,9,0.46521087112642184
minibatch,20,2048,8,10,0.3737511533078857
minibatch,20,2048,9,10,0.4198005305883128
kmeans,30,nan,1,2,0.6341163640926941
kmeans,30,nan,1,3,0.5918995993019885
kmeans,30,nan,1,4,0.5797659679901267
kmeans,30,nan,1,5,0.567304218150401
kmeans,30,nan,1,6,0.6133380425143503
kmeans,30,nan,1,7,0.6567578513609962
kmeans,30,nan,1,8,0.6608505800276012
kmeans,30,nan,1,9,0.5792904781883677
kmeans,30,nan,1,10,0.6207107036177517
kmeans,30,nan,2,3,0.6308047685353424
kmeans,30,nan,2,4,0.5597798107408598
kmeans,30,nan,2,5,0.5619340567534563
kmeans,30,nan,2,6,0.5921593599853654
kmeans,30,nan,2,7,0.6683841462525415
kmeans,30,nan,2,8,0.6253605588914047
kmeans,30,nan,2,9,0.607144293798307
kmeans,30,nan,2,10,0.6061794064826109
kmeans,30,nan,3,4,0.586458492588254
kmeans,30,nan,3,5,0.6019239885600396
kmeans,30,nan,3,6,0.5836374661711279
kmeans,30,nan,3,7,0.6309431480234702
kmeans,30,nan,3,8,0.6585486384032512
kmeans,30,nan,3,9,0.628387624723045
kmeans,30,nan,3,10,0.5718762681457527
kmeans,30,nan,4,5,0.5622621177728092
kmeans,30,nan,4,6,0.5378109272400139
kmeans,30,nan,4,7,0.534168136446041
kmeans,30,nan,4,8,0.5399288922247613
kmeans,30,nan,4,9,0.5434513682399833
kmeans,30,nan,4,10,0.520058280015382
kmeans,30,nan,5,6,0.5454401737525356
kmeans,30,nan,5,7,0.5456785072660199
kmeans,30,nan,5,8,0.5854982855126252
kmeans,30,nan,5,9,0.6333173036122162
kmeans,30,nan,5,10,0.5671230670364128
kmeans,30,nan,6,7,0.6111248120998876
kmeans,30,nan,6,8,0.6070610907517174
kmeans,30,nan,6,9,0.58415785052027
kmeans,30,nan,6,10,0.5916510104157597
kmeans,30,nan,7,8,0.6436208026896889
kmeans,30,nan,7,9,0.5981745398521575
kmeans,30,nan,7,10,0.6050831446947086
kmeans,30,nan,8,9,0.5760508293491937
kmeans,30,nan,8,10,0.5862622416710447
kmeans,30,nan,9,10,0.5706449558661829
minibatch,30,256,1,2,0.4289540812973247
minibatch,30,256,1,3,0.38235923894086704
minibatch,30,256,1,4,0.448423124847086
minibatch,30,256,1,5,0.4778242452987163
minibatch,30,256,1,6,0.4453438781895962
minibatch,30,256,1,7,0.4577704693627429
minibatch,30,256,1,8,0.43246027289176203
minibatch,30,256,1,9,0.449870621172746
minibatch,30,256,1,10,0.4846059520600524
minibatch,30,256,2,3,0.46182027473268095
minibatch,30,256,2,4,0.4733853542331876
minibatch,30,256,2,5,0.4380687228364943
minibatch,30,256,2,6,0.42144684664213805
minibatch,30,256,2,7,0.5182219812982448
minibatch,30,256,2,8,0.4818868993144248
minibatch,30,256,2,9,0.46720532471958104
minibatch,30,256,2,10,0.47354964519341214
minibatch,30,256,3,4,0.5553420501870355
minibatch,30,256,3,5,0.46983287561652337
minibatch,30,256,3,6,0.39656377463604414
minibatch,30,256,3,7,0.49630201517019173
minibatch,30,256,3,8,0.5016144671839903
minibatch,30,256,3,9,0.5017102312763807
minibatch,30,256,3,10,0.43383233181989567
minibatch,30,256,4,5,0.5139402655651493
minibatch,30,256,4,6,0.45407807434916275
minibatch,30,256,4,7,0.4935528512138448
minibatch,30,256,4,8,0.5394087989407608
minibatch,30,256,4,9,0.47014680698120453
minibatch,30,256,4,10,0.46642323024194593
minibatch,30,256,5,6,0.44052576754162953
minibatch,30,256,5,7,0.4601843844647222
minibatch,30,256,5,8,0.44606064199968753
minibatch,30,256,5,9,0.443035696506809
minibatch,30,256,5,10,0.4554060826978482
minibatch,30,256,6,7,0.43336863607838605
minibatch,30,256,6,8,0.4808483322671187
minibatch,30,256,6,9,0.45309509325333497
minibatch,30,256,6,10,0.47916538742172604
minibatch,30,256,7,8,0.5246107043345484
minibatch,30,256,7,9,0.5374849387231969
minibatch,30,256,7,10,0.5744883608473118
minibatch,30,256,8,9,0.4931398516593569
minibatch,30,256,8,10,0.46609011782931703
minibatch,30,256,9,10,0.4800180270275429
minibatch,30,512,1,2,0.4710143437043276
minibatch,30,512,1,3,0.4570324221388945
minibatch,30,512,1,4,0.4736308041867124
minibatch,30,512,1,5,0.45737132009880793
minibatch,30,512,1,6,0.5140097225282726
minibatch,30,512,1,7,0.47981488290388635
minibatch,30,512,1,8,0.48498551209846535
minibatch,30,512,1,9,0.5081012088327046
minibatch,30,512,1,10,0.479432347067789
minibatch,30,512,2,3,0.4620073813970551
minibatch,30,512,2,4,0.43701359957708663
minibatch,30,512,2,5,0.42922648110630207
minibatch,30,512,2,6,0.4480016023391286
minibatch,30,512,2,7,0.4855405278101119
minibatch,30,512,2,8,0.46341756575283705
minibatch,30,512,2,9,0.5059088535883202
minibatch,30,512,2,10,0.4594719995515522
minibatch,30,512,3,4,0.5388429541720334
minibatch,30,512,3,5,0.4837693857511804
minibatch,30,512,3,6,0.4441105153347136
minibatch,30,512,3,7,0.5204665933047375
minibatch,30,512,3,8,0.5293430174693445
minibatch,30,512,3,9,0.47357764270104746
minibatch,30,512,3,10,0.42914599602781184
minibatch,30,512,4,5,0.5227115166415561
minibatch,30,512,4,6,0.4821681192248751
minibatch,30,512,4,7,0.5008662893310803
minibatch,30,512,4,8,0.5774564383619311
minibatch,30,512,4,9,0.4868795924278235
minibatch,30,512,4,10,0.44650502865008046
minibatch,30,512,5,6,0.4768992614101775
minibatch,30,512,5,7,0.46599553424402584
minibatch,30,512,5,8,0.5121527775881359
minibatch,30,512,5,9,0.5146708174655841
minibatch,30,512,5,10,0.4795149408230893
minibatch,30,512,6,7,0.47492268498631235
minibatch,30,512,6,8,0.49138484812689753
minibatch,30,512,6,9,0.48215176570011065
minibatch,30,512,6,10,0.4820609115485192
minibatch,30,512,7,8,0.47760672068671195
minibatch,30,512,7,9,0.495621694300313
minibatch,30,512,7,10,0.5118874217214271
minibatch,30,512,8,9,0.48305567649014514
minibatch,30,512,8,10,0.4453353528076761
minibatch,30,512,9,10,0.46697149095570856
minibatch,30,1024,1,2,0.4542142826016633
minibatch,30,1024,1,3,0.43352489126797084
minibatch,30,1024,1,4,0.4836643009299028
minibatch,30,1024,1,5,0.4436945211033631
minibatch,30,1024,1,6,0.4742510553657708
minibatch,30,1024,1,7,0.4299562733363238
minibatch,30,1024,1,8,0.5095792455236038
minibatch,30,1024,1,9,0.46661123424088713
minibatch,30,1024,1,10,0.43576396971717
minibatch,30,1024,2,3,0.44943836395542697
minibatch,30,1024,2,4,0.430550689670499
minibatch,30,1024,2,5,0.42157478119208935
minibatch,30,1024,2,6,0.4444251333873972
minibatch,30,1024,2,7,0.49078632041570197
minibatch,30,1024,2,8,0.48979285986600507
minibatch,30,1024,2,9,0.4738923535249158
minibatch,30,1024,2,10,0.47802073595542327
minibatch,30,1024,3,4,0.5373332254402011
minibatch,30,1024,3,5,0.48711437425292414
minibatch,30,1024,3,6,0.4652985340511449
minibatch,30,1024,3,7,0.5400541115950949
minibatch,30,1024,3,8,0.48862011572082725
minibatch,30,1024,3,9,0.5262250986558799
minibatch,30,1024,3,10,0.44943792689454676
minibatch,30,1024,4,5,0.4843248180016333
minibatch,30,1024,4,6,0.48469856184063453
minibatch,30,1024,4,7,0.47991896674162166
minibatch,30,1024,4,8,0.5221561094953342
minibatch,30,1024,4,9,0.4650617330366998
minibatch,30,1024,4,10,0.45640038607511607
minibatch,30,1024,5,6,0.4546366288308691
minibatch,30,1024,5,7,0.42948233967004107
minibatch,30,1024,5,8,0.4651428285824619
minibatch,30,1024,5,9,0.459926192746959
minibatch,30,1024,5,10,0.407793917812852
minibatch,30,1024,6,7,0.4635225244180264
minibatch,30,1024,6,8,0.48259242781213413
minibatch,30,1024,6,9,0.43784284338207613
minibatch,30,1024,6,10,0.4563637614291643
minibatch,30,1024,7,8,0.4976246329083373
minibatch,30,1024,7,9,0.4828602849331295
minibatch,30,1024,7,10,0.5081480082862252
minibatch,30,1024,8,9,0.4778486301794859
minibatch,30,1024,8,10,0.4894319393013129
minibatch,30,1024,9,10,0.4543873071450961
minibatch,30,2048,1,2,0.4551687967713816
minibatch,30,2048,1,3,0.41036560200351846
minibatch,30,2048,1,4,0.46011116377655553
minibatch,30,2048,1,5,0.4397899590367006
minibatch,30,2048,1,6,0.48302859194151276
minibatch,30,2048,1,7,0.4558471691024982
minibatch,30,2048,1,8,0.4460976482331958
minibatch,30,2048,1,9,0.4984686025330032
minibatch,30,2048,1,10,0.4273388157625965
minibatch,30,2048,2,3,0.4461721151431725
minibatch,30,2048,2,4,0.4361839086102315
minibatch,30,2048,2,5,0.4172903114889063
minibatch,30,2048,2,6,0.4679903503655167
minibatch,30,2048,2,7,0.4767102572781097
minibatch,30,2048,2,8,0.45130749246402013
minibatch,30,2048,2,9,0.45715819571791494
minibatch,30,2048,2,10,0.4942534934557497
minibatch,30,2048,3,4,0.5500456905203219
minibatch,30,2048,3,5,0.4410572175975166
minibatch,30,2048,3,6,0.4180808475770102
minibatch,30,2048,3,7,0.5070332668434909
minibatch,30,2048,3,8,0.5018233178302856
minibatch,30,2048,3,9,0.5300554441832851
minibatch,30,2048,3,10,0.46171570551201685
minibatch,30,2048,4,5,0.455751884639901
minibatch,30,2048,4,6,0.43100071704602216
minibatch,30,2048,4,7,0.4741661953722691
minibatch,30,2048,4,8,0.5070235781956183
minibatch,30,2048,4,9,0.48507809678654296
minibatch,30,2048,4,10,0.44950816121751175
minibatch,30,2048,5,6,0.4228223223417572
minibatch,30,2048,5,7,0.4204420060662247
minibatch,30,2048,5,8,0.4877368407849714
minibatch,30,2048,5,9,0.47186219617589603
minibatch,30,2048,5,10,0.40932303121420294
minibatch,30,2048,6,7,0.4780177565710252
minibatch,30,2048,6,8,0.4394807716700716
minibatch,30,2048,6,9,0.44368923086649986
minibatch,30,2048,6,10,0.4696799271192906
minibatch,30,2048,7,8,0.46665144589669233
minibatch,30,2048,7,9,0.5067445573894886
minibatch,30,2048,7,10,0.508302297102154
minibatch,30,2048,8,9,0.473309513703632
minibatch,30,2048,8,10,0.4435939734605378
minibatch,30,2048,9,10,0.4386522052588665
kmeans,40,nan,1,2,0.5623087134771227
kmeans,40,nan,1,3,0.5996338112314625
kmeans,40,nan,1,4,0.5729746260975738
kmeans,40,nan,1,5,0.5683402749784597
kmeans,40,nan,1,6,0.6050987681799557
kmeans,40,nan,1,7,0.5888159346154468
kmeans,40,nan,1,8,0.6332585829247849
kmeans,40,nan,1,9,0.5541957986310166
kmeans,40,nan,1,10,0.5876861647451331
kmeans,40,nan,2,3,0.5434411026517616
kmeans,40,nan,2,4,0.5875191572929381
kmeans,40,nan,2,5,0.5402721929170702
kmeans,40,nan,2,6,0.5466772601379367
kmeans,40,nan,2,7,0.5904694481463393
kmeans,40,nan,2,8,0.5545575974672271
kmeans,40,nan,2,9,0.5179869545335526
kmeans,40,nan,2,10,0.5513063948588989
kmeans,40,nan,3,4,0.611593843695645
kmeans,40,nan,3,5,0.6120853283182464
kmeans,40,nan,3,6,0.5917159175385057
kmeans,40,nan,3,7,0.5678465818468496
kmeans,40,nan,3,8,0.5939498039097292
kmeans,40,nan,3,9,0.5788984296618399
kmeans,40,nan,3,10,0.5598999905940889
kmeans,40,nan,4,5,0.6092134416011741
kmeans,40,nan,4,6,0.5894750253871441
kmeans,40,nan,4,7,0.6083997315701829
kmeans,40,nan,4,8,0.6208721582544792
kmeans,40,nan,4,9,0.5834925321158554
kmeans,40,nan,4,10,0.5718110556837193
kmeans,40,nan,5,6,0.5883867919643847
kmeans,40,nan,5,7,0.5687820650940276
kmeans,40,nan,5,8,0.5751471796205554
kmeans,40,nan,5,9,0.5478471304475722
kmeans,40,nan,5,10,0.5748479053594566
kmeans,40,nan,6,7,0.5948783069153957
kmeans,40,nan,6,8,0.6277425096938263
kmeans,40,nan,6,9,0.5668816431516266
kmeans,40,nan,6,10,0.5862956251861235
kmeans,40,nan,7,8,0.5869815075472891
kmeans,40,nan,7,9,0.5701037466629562
kmeans,40,nan,7,10,0.5581533685689498
kmeans,40,nan,8,9,0.5743838469822787
kmeans,40,nan,8,10,0.6013608126567953
kmeans,40,nan,9,10,0.5154823919736039
minibatch,40,256,1,2,0.48198002873029555
minibatch,40,256,1,3,0.44890465120059914
minibatch,40,256,1,4,0.5000602423099572
minibatch,40,256,1,5,0.416547710068746
minibatch,40,256,1,6,0.4368970371382693
minibatch,40,256,1,7,0.47282499017966506
minibatch,40,256,1,8,0.463046235996992
minibatch,40,256,1,9,0.46318840131558076
minibatch,40,256,1,10,0.4817011691024756
minibatch,40,256,2,3,0.4334547126260837
minibatch,40,256,2,4,0.4882330497574187
minibatch,40,256,2,5,0.43830437243887405
minibatch,40,256,2,6,0.4262487935012718
minibatch,40,256,2,7,0.4724732870521856
minibatch,40,256,2,8,0.4495018204610849
minibatch,40,256,2,9,0.4444449566772167
minibatch,40,256,2,10,0.4335304192395555
minibatch,40,256,3,4,0.4475731197034086
minibatch,40,256,3,5,0.4276680017634906
minibatch,40,256,3,6,0.49768820272465647
minibatch,40,256,3,7,0.47889440815787576
minibatch,40,256,3,8,0.4950887171059247
minibatch,40,256,3,9,0.462641521578326
minibatch,40,256,3,10,0.4430341684059211
minibatch,40,256,4,5,0.4495485157012157
minibatch,40,256,4,6,0.45742267619714017
minibatch,40,256,4,7,0.48548570162375143
minibatch,40,256,4,8,0.4572192924582555
minibatch,40,256,4,9,0.48902185821787336
minibatch,40,256,4,10,0.4864271242850152
minibatch,40,256,5,6,0.43360815391617746
minibatch,40,256,5,7,0.4604614938062591
minibatch,40,256,5,8,0.423165370268787
minibatch,40,256,5,9,0.4400661234705905
minibatch,40,256,5,10,0.47090098243486095
minibatch,40,256,6,7,0.48872631253177434
minibatch,40,256,6,8,0.4705057328037791
minibatch,40,256,6,9,0.4531635116473353
minibatch,40,256,6,10,0.4634527508110929
minibatch,40,256,7,8,0.5006615547744686
minibatch,40,256,7,9,0.4673369258625592
minibatch,40,256,7,10,0.4669147432799995
minibatch,40,256,8,9,0.4634851243313619
minibatch,40,256,8,10,0.4597744349362269
minibatch,40,256,9,10,0.4300391197332193
minibatch,40,512,1,2,0.4980740355379891
minibatch,40,512,1,3,0.5054023761341601
minibatch,40,512,1,4,0.4484136821151066
minibatch,40,512,1,5,0.41344041870086495
minibatch,40,512,1,6,0.4765704116973232
minibatch,40,512,1,7,0.4620237917965135
minibatch,40,512,1,8,0.4552170405959416
minibatch,40,512,1,9,0.44402147342720416
minibatch,40,512,1,10,0.45917617755427237
minibatch,40,512,2,3,0.43911098936162796
minibatch,40,512,2,4,0.4345728743737514
minibatch,40,512,2,5,0.44193461331755707
minibatch,40,512,2,6,0.4603641549128998
minibatch,40,512,2,7,0.48768188275479146
minibatch,40,512,2,8,0.4556338966409802
minibatch,40,512,2,9,0.4210390548735239
minibatch,40,512,2,10,0.4195895525586568
minibatch,40,512,3,4,0.4318115754005141
minibatch,40,512,3,5,0.4336467481944014
minibatch,40,512,3,6,0.481607809684259
minibatch,40,512,3,7,0.46053744455019746
minibatch,40,512,3,8,0.4705379499699429
minibatch,40,512,3,9,0.4709393730678965
minibatch,40,512,3,10,0.42894163182033934
minibatch,40,512,4,5,0.4518581832991867
minibatch,40,512,4,6,0.4521340845489117
minibatch,40,512,4,7,0.46948437472484156
minibatch,40,512,4,8,0.41424667817623306
minibatch,40,512,4,9,0.46564499970779
minibatch,40,512,4,10,0.46313713863588996
minibatch,40,512,5,6,0.42371458157281255
minibatch,40,512,5,7,0.4684206619942424
minibatch,40,512,5,8,0.4113790155638382
minibatch,40,512,5,9,0.41823314870011674
minibatch,40,512,5,10,0.40225788464814993
minibatch,40,512,6,7,0.4954800014711804
minibatch,40,512,6,8,0.4899551283845574
minibatch,40,512,6,9,0.442953558187942
minibatch,40,512,6,10,0.42374497206739004
minibatch,40,512,7,8,0.4592036261545936
minibatch,40,512,7,9,0.45007373566305897
minibatch,40,512,7,10,0.45503995907145167
minibatch,40,512,8,9,0.4288938321765773
minibatch,40,512,8,10,0.4467897097802851
minibatch,40,512,9,10,0.4537462055855377
minibatch,40,1024,1,2,0.47230096418292306
minibatch,40,1024,1,3,0.46535001374673235
minibatch,40,1024,1,4,0.46478369481796394
minibatch,40,1024,1,5,0.4090983617017379
minibatch,40,1024,1,6,0.4277968956844649
minibatch,40,1024,1,7,0.4393071295030919
minibatch,40,1024,1,8,0.4610755793235179
minibatch,40,1024,1,9,0.46753409317739086
minibatch,40,1024,1,10,0.46707203281876103
minibatch,40,1024,2,3,0.47322262205947485
minibatch,40,1024,2,4,0.47718860368745136
minibatch,40,1024,2,5,0.45745408648512853
minibatch,40,1024,2,6,0.43554046486026
minibatch,40,1024,2,7,0.48585338992915317
minibatch,40,1024,2,8,0.44211411466072603
minibatch,40,1024,2,9,0.45217798271485005
minibatch,40,1024,2,10,0.47482911292758684
minibatch,40,1024,3,4,0.42788680813718355
minibatch,40,1024,3,5,0.4166317323517563
minibatch,40,1024,3,6,0.4725847502625402
minibatch,40,1024,3,7,0.44104949252951636
minibatch,40,1024,3,8,0.4825610983957815
minibatch,40,1024,3,9,0.4829206212993039
minibatch,40,1024,3,10,0.4194397474658771
minibatch,40,1024,4,5,0.4403875136709321
minibatch,40,1024,4,6,0.4526193298307167
minibatch,40,1024,4,7,0.5036290522457088
minibatch,40,1024,4,8,0.45840645854202333
minibatch,40,1024,4,9,0.47004691021547895
minibatch,40,1024,4,10,0.4632972108757167
minibatch,40,1024,5,6,0.42624790919860006
minibatch,40,1024,5,7,0.46062206015302615
minibatch,40,1024,5,8,0.4903132544263626
minibatch,40,1024,5,9,0.43999783666057773
minibatch,40,1024,5,10,0.4530141405891528
minibatch,40,1024,6,7,0.4526231989927006
minibatch,40,1024,6,8,0.46005684633777694
minibatch,40,1024,6,9,0.45476833709594494
minibatch,40,1024,6,10,0.40984157360799395
minibatch,40,1024,7,8,0.4596607704764202
minibatch,40,1024,7,9,0.47749330327962736
minibatch,40,1024,7,10,0.4505551101873561
minibatch,40,1024,8,9,0.4346765688082322
minibatch,40,1024,8,10,0.42733644001258797
minibatch,40,1024,9,10,0.42210039516856923
minibatch,40,2048,1,2,0.49589333414614367
minibatch,40,2048,1,3,0.4845220992511965
minibatch,40,2048,1,4,0.47294804427664083
minibatch,40,2048,1,5,0.4367150087892677
minibatch,40,2048,1,6,0.44602457758640035
minibatch,40,2048,1,7,0.4432674379031126
minibatch,40,2048,1,8,0.4793561344529697
minibatch,40,2048,1,9,0.4448585064959871
minibatch,40,2048,1,10,0.4529063496489295
minibatch,40,2048,2,3,0.43500792514582654
minibatch,40,2048,2,4,0.45688972835527214
minibatch,40,2048,2,5,0.4321954274516428
minibatch,40,2048,2,6,0.4529384727956883
minibatch,40,2048,2,7,0.4559232276609731
minibatch,40,2048,2,8,0.4550003208733446
minibatch,40,2048,2,9,0.4333724346811092
minibatch,40,2048,2,10,0.415187939250392
minibatch,40,2048,3,4,0.4160441061403
minibatch,40,2048,3,5,0.4549930237329443
minibatch,40,2048,3,6,0.43662538263362793
minibatch,40,2048,3,7,0.44459107864085856
minibatch,40,2048,3,8,0.4462257706736916
minibatch,40,2048,3,9,0.45026524871269463
minibatch,40,2048,3,10,0.4233109907000988
minibatch,40,2048,4,5,0.4363995432114434
minibatch,40,2048,4,6,0.4506906508312487
minibatch,40,2048,4,7,0.4832781160159753
minibatch,40,2048,4,8,0.44442768670956434
minibatch,40,2048,4,9,0.48591571455914734
minibatch,40,2048,4,10,0.48052488171180546
minibatch,40,2048,5,6,0.41245465767164663
minibatch,40,2048,5,7,0.44135875417224146
minibatch,40,2048,5,8,0.4925128112477737
minibatch,40,2048,5,9,0.47261899192454365
minibatch,40,2048,5,10,0.42876189136525295
minibatch,40,2048,6,7,0.4746338178266669
minibatch,40,2048,6,8,0.45453002707468265
minibatch,40,2048,6,9,0.43076697489313204
minibatch,40,2048,6,10,0.47361904781258946
minibatch,40,2048,7,8,0.46812709277313014
minibatch,40,2048,7,9,0.43993211300512675
minibatch,40,2048,7,10,0.4751454221748833
minibatch,40,2048,8,9,0.46513882260083816
minibatch,40,2048,8,10,0.44936273215130834
minibatch,40,2048,9,10,0.4421127423917846
kmeans,50,nan,1,2,0.5832130184980051
kmeans,50,nan,1,3,0.5831364807295671
kmeans,50,nan,1,4,0.5810296522554969
kmeans,50,nan,1,5,0.5366013296503073
kmeans,50,nan,1,6,0.5217914935507644
kmeans,50,nan,1,7,0.5907394675556281
kmeans,50,nan,1,8,0.5412874391869362
kmeans,50,nan,1,9,0.6289877149492032
kmeans,50,nan,1,10,0.5763600853662727
kmeans,50,nan,2,3,0.5987319494597687
kmeans,50,nan,2,4,0.6223061983517757
kmeans,50,nan,2,5,0.6017719381829255
kmeans,50,nan,2,6,0.5770174936346922
kmeans,50,nan,2,7,0.6142217011133622
kmeans,50,nan,2,8,0.5621014188117459
kmeans,50,nan,2,9,0.5964980956740317
kmeans,50,nan,2,10,0.6227053470694817
kmeans,50,nan,3,4,0.5880876927056867
kmeans,50,nan,3,5,0.6305319069827625
kmeans,50,nan,3,6,0.5193716652395707
kmeans,50,nan,3,7,0.5670283145262315
kmeans,50,nan,3,8,0.5424743245268444
kmeans,50,nan,3,9,0.5805951206293853
kmeans,50,nan,3,10,0.5522620003786399
kmeans,50,nan,4,5,0.5931849629364137
kmeans,50,nan,4,6,0.5363499357128367
kmeans,50,nan,4,7,0.5683336424071266
kmeans,50,nan,4,8,0.5492343030270647
kmeans,50,nan,4,9,0.6007380339848997
kmeans,50,nan,4,10,0.5852557645436063
kmeans,50,nan,5,6,0.48817666138861276
kmeans,50,nan,5,7,0.5280404280333969
kmeans,50,nan,5,8,0.555029302229635
kmeans,50,nan,5,9,0.5475270024711086
kmeans,50,nan,5,10,0.5589702282774157
kmeans,50,nan,6,7,0.5506382600974544
kmeans,50,nan,6,8,0.5391796013621502
kmeans,50,nan,6,9,0.5610370014552499
kmeans,50,nan,6,10,0.5276317327664953
kmeans,50,nan,7,8,0.5411849281680076
kmeans,50,nan,7,9,0.5766263629129058
kmeans,50,nan,7,10,0.6058061466593725
kmeans,50,nan,8,9,0.5749716038220848
kmeans,50,nan,8,10,0.5784461603524814
kmeans,50,nan,9,10,0.560033994178921
minibatch,50,256,1,2,0.43174233394364575
minibatch,50,256,1,3,0.4101036974227089
minibatch,50,256,1,4,0.43484027025515526
minibatch,50,256,1,5,0.45331785933339647
minibatch,50,256,1,6,0.4681310791628627
minibatch,50,256,1,7,0.42260311330439515
minibatch,50,256,1,8,0.4213184665435769
minibatch,50,256,1,9,0.44051176161810535
minibatch,50,256,1,10,0.4169322679066401
minibatch,50,256,2,3,0.469369378721503
minibatch,50,256,2,4,0.42637419073366856
minibatch,50,256,2,5,0.4643528938542415
minibatch,50,256,2,6,0.4272228485340683
minibatch,50,256,2,7,0.4380211157251106
minibatch,50,256,2,8,0.4037690261540632
minibatch,50,256,2,9,0.47312286846722457
minibatch,50,256,2,10,0.39922514694099503
minibatch,50,256,3,4,0.4253427336527226
minibatch,50,256,3,5,0.4880154111825279
minibatch,50,256,3,6,0.460901546634221
minibatch,50,256,3,7,0.44098154695860725
minibatch,50,256,3,8,0.45593127959311625
minibatch,50,256,3,9,0.4746419507246603
minibatch,50,256,3,10,0.44931749028523726
minibatch,50,256,4,5,0.45985549291337235
minibatch,50,256,4,6,0.446958856647012
minibatch,50,256,4,7,0.43626901367776605
minibatch,50,256,4,8,0.40330126277791567
minibatch,50,256,4,9,0.4327918594078727
minibatch,50,256,4,10,0.3826726774580227
minibatch,50,256,5,6,0.42598661066311894
minibatch,50,256,5,7,0.4168370816890436
minibatch,50,256,5,8,0.4198666186690471
minibatch,50,256,5,9,0.45697526631057
minibatch,50,256,5,10,0.4194828835417953
minibatch,50,256,6,7,0.45291699773636507
minibatch,50,256,6,8,0.4613884368307601
minibatch,50,256,6,9,0.454465726211268
minibatch,50,256,6,10,0.45603061639707876
minibatch,50,256,7,8,0.44370967040548787
minibatch,50,256,7,9,0.44133706079580737
minibatch,50,256,7,10,0.4430595427557401
minibatch,50,256,8,9,0.44445275121671474
minibatch,50,256,8,10,0.4591617036797251
minibatch,50,256,9,10,0.46974912110266853
minibatch,50,512,1,2,0.44189259104996076
minibatch,50,512,1,3,0.42874819435366285
minibatch,50,512,1,4,0.4217005463426448
minibatch,50,512,1,5,0.465226006648243
minibatch,50,512,1,6,0.4258356733502402
minibatch,50,512,1,7,0.40404150211790746
minibatch,50,512,1,8,0.43084822722222627
minibatch,50,512,1,9,0.4496430879260372
minibatch,50,512,1,10,0.4315998050560317
minibatch,50,512,2,3,0.41857655223635276
minibatch,50,512,2,4,0.4053017124506396
minibatch,50,512,2,5,0.4163380372327266
minibatch,50,512,2,6,0.4439947764569751
minibatch,50,512,2,7,0.4051906038903962
minibatch,50,512,2,8,0.4460914769523124
minibatch,50,512,2,9,0.4228614234571137
minibatch,50,512,2,10,0.4292669844176588
minibatch,50,512,3,4,0.43525483934344866
minibatch,50,512,3,5,0.4667834040510385
minibatch,50,512,3,6,0.41554232896751175
minibatch,50,512,3,7,0.4330543835319009
minibatch,50,512,3,8,0.42549612874042453
minibatch,50,512,3,9,0.4736612057024769
minibatch,50,512,3,10,0.45250946578814566
minibatch,50,512,4,5,0.44281114455795056
minibatch,50,512,4,6,0.4208978847874329
minibatch,50,512,4,7,0.4449335128352042
minibatch,50,512,4,8,0.4406111133726503
minibatch,50,512,4,9,0.47485546377850324
minibatch,50,512,4,10,0.45109523122932355
minibatch,50,512,5,6,0.4222007758549476
minibatch,50,512,5,7,0.4313091318188893
minibatch,50,512,5,8,0.4590639640630498
minibatch,50,512,5,9,0.44756445192498284
minibatch,50,512,5,10,0.4493163473260349
minibatch,50,512,6,7,0.4421842947031696
minibatch,50,512,6,8,0.4639253875078524
minibatch,50,512,6,9,0.44338165470595087
minibatch,50,512,6,10,0.43659424080703885
minibatch,50,512,7,8,0.4214057543833094
minibatch,50,512,7,9,0.4149961495806464
minibatch,50,512,7,10,0.4556508091434272
minibatch,50,512,8,9,0.4181811033532419
minibatch,50,512,8,10,0.4797611527404288
minibatch,50,512,9,10,0.46819800557309343
minibatch,50,1024,1,2,0.45929303942730587
minibatch,50,1024,1,3,0.43168977849452134
minibatch,50,1024,1,4,0.4263321819701849
minibatch,50,1024,1,5,0.44754370575957186
minibatch,50,1024,1,6,0.4626149648408382
minibatch,50,1024,1,7,0.4732727331688902
minibatch,50,1024,1,8,0.4322216503053603
minibatch,50,1024,1,9,0.445766666172219
minibatch,50,1024,1,10,0.4308726147886679
minibatch,50,1024,2,3,0.43467133000501446
minibatch,50,1024,2,4,0.4149884895341091
minibatch,50,1024,2,5,0.4037368229055996
minibatch,50,1024,2,6,0.4355434151086068
minibatch,50,1024,2,7,0.4300993290644367
minibatch,50,1024,2,8,0.44698066143977994
minibatch,50,1024,2,9,0.44616039724723994
minibatch,50,1024,2,10,0.46436138140674493
minibatch,50,1024,3,4,0.4541272831743948
minibatch,50,1024,3,5,0.4716952604973352
minibatch,50,1024,3,6,0.4273450580715361
minibatch,50,1024,3,7,0.45253241592835536
minibatch,50,1024,3,8,0.43706328214006407
minibatch,50,1024,3,9,0.46198710957955264
minibatch,50,1024,3,10,0.48480704464151775
minibatch,50,1024,4,5,0.4845164284228819
minibatch,50,1024,4,6,0.4102953516111764
minibatch,50,1024,4,7,0.4433801022667199
minibatch,50,1024,4,8,0.44593263790347976
minibatch,50,1024,4,9,0.4748213781279998
minibatch,50,1024,4,10,0.4365308932808473
minibatch,50,1024,5,6,0.4279361301910445
minibatch,50,1024,5,7,0.4323023108075311
minibatch,50,1024,5,8,0.42168903078307
minibatch,50,1024,5,9,0.44380151041057475
minibatch,50,1024,5,10,0.44256039580325823
minibatch,50,1024,6,7,0.4853283347018866
minibatch,50,1024,6,8,0.4548116146946696
minibatch,50,1024,6,9,0.4614209199482499
minibatch,50,1024,6,10,0.43251230617585834
minibatch,50,1024,7,8,0.422439301061304
minibatch,50,1024,7,9,0.4566650034030179
minibatch,50,1024,7,10,0.41835530869224374
minibatch,50,1024,8,9,0.4355520468490277
minibatch,50,1024,8,10,0.46132625287980794
minibatch,50,1024,9,10,0.4508191077739117
minibatch,50,2048,1,2,0.45227699554851825
minibatch,50,2048,1,3,0.3988705639564683
minibatch,50,2048,1,4,0.4262866177298992
minibatch,50,2048,1,5,0.44882857245755053
minibatch,50,2048,1,6,0.4535495539946159
minibatch,50,2048,1,7,0.4539203224214488
minibatch,50,2048,1,8,0.44831736688490886
minibatch,50,2048,1,9,0.46081178186426613
minibatch,50,2048,1,10,0.458550762325033
minibatch,50,2048,2,3,0.41959985409088546
minibatch,50,2048,2,4,0.44621512257450746
minibatch,50,2048,2,5,0.3968937112812361
minibatch,50,2048,2,6,0.44587767472750134
minibatch,50,2048,2,7,0.3825542340144269
minibatch,50,2048,2,8,0.4816010878291217
minibatch,50,2048,2,9,0.4758915566371987
minibatch,50,2048,2,10,0.44564048704733455
minibatch,50,2048,3,4,0.44337230112218695
minibatch,50,2048,3,5,0.466225236186049
minibatch,50,2048,3,6,0.40725957841491683
minibatch,50,2048,3,7,0.4070632943571992
minibatch,50,2048,3,8,0.4260398006793376
minibatch,50,2048,3,9,0.4452252688520389
minibatch,50,2048,3,10,0.4295280716840677
minibatch,50,2048,4,5,0.4824387522063825
minibatch,50,2048,4,6,0.41572283166690077
minibatch,50,2048,4,7,0.43104863180896413
minibatch,50,2048,4,8,0.466597994845979
minibatch,50,2048,4,9,0.4646676456383987
minibatch,50,2048,4,10,0.45412581524476314
minibatch,50,2048,5,6,0.42530841920680995
minibatch,50,2048,5,7,0.4373041219722566
minibatch,50,2048,5,8,0.4171600018732093
minibatch,50,2048,5,9,0.436646944587844
minibatch,50,2048,5,10,0.4247301120985498
minibatch,50,2048,6,7,0.45345871467126675
minibatch,50,2048,6,8,0.44681599385438237
minibatch,50,2048,6,9,0.45786632609609507
minibatch,50,2048,6,10,0.40532599576500955
minibatch,50,2048,7,8,0.41389521228580217
minibatch,50,2048,7,9,0.4416979201040573
minibatch,50,2048,7,10,0.4329520351465913
minibatch,50,2048,8,9,0.4296991255300755
minibatch,50,2048,8,10,0.4886349285002606
minibatch,50,2048,9,10,0.4360789952234486
