method,k,sample_size,batch_size,fit_time_s_mean,fit_time_s_std,assignment_time_s_mean,assignment_time_s_std,total_time_s_mean,total_time_s_std,distortion_mean,distortion_std,ari_ground_truth_mean,ari_ground_truth_std,ami_ground_truth_mean,ami_ground_truth_std,n_iter_mean,n_iter_std,n_steps_mean,n_steps_std,stability_ari_mean,stability_ari_std
kmeans,10,5000,nan,0.03413492450490594,0.004158391979684137,0.3415441977034789,0.0023129163997056357,0.3756791222083848,0.004587240609412009,197.7052496306688,1.2908634385986715,0.23901309693170908,0.03207438184223423,0.3291552665953584,0.014744109757134902,38.0,16.14517471774978,-1.0,0.0,0.6657930592931723,0.0652934411054362
minibatch,10,5000,256,0.09938238738104702,0.012953440634951751,0.33433040719828566,0.010865241503966902,0.4337127945793327,0.02095313259211556,201.56313418653815,1.6239723174566374,0.2274738953232754,0.03620137927255498,0.3211447647722961,0.016352571772381863,2.8,0.7888106377466155,45.7,16.29621632977013,0.4793027084632645,0.04805713375873845
minibatch,10,5000,512,0.1335794484068174,0.022438763712988648,0.3368681306950748,0.008794660942103847,0.47044757910189217,0.026784221606280103,200.63231380204473,1.4055406785115145,0.22520303435730954,0.029642839419284892,0.3225376546535218,0.013877851151941534,4.3,1.3374935098492586,35.8,12.916827955982244,0.4994113167268984,0.049543204542911716
minibatch,10,5000,1024,0.1327054237946868,0.013029531401405725,0.3314616125135217,0.00965496428025926,0.4641670363082085,0.016208790500172453,200.76015317795571,1.3945853015505114,0.22766005831595745,0.029451519251519804,0.32504951701769275,0.015398386377207784,7.3,1.2516655570345725,33.5,6.2048368229954285,0.5020651826180651,0.04541592064147267
minibatch,10,5000,2048,0.13400726769468746,0.01473822300336235,0.3333500554144848,0.009793036184089877,0.4673573231091723,0.01821397498925103,200.9182162845452,1.1119127772062207,0.22705372555434264,0.03062164183771769,0.3226388519630595,0.01382341616683884,13.0,3.6514837167011076,30.2,9.02835040918944,0.48983330064534525,0.04543281037507966
kmeans,17,8500,nan,0.1178120797034353,0.014223817943092775,0.33629285829956646,0.009563455640249928,0.4541049380030017,0.020121925735870197,176.07523873991698,0.5489871655976534,0.17499505018588096,0.01489617266602904,0.3292379072239896,0.006093992173270144,62.5,24.527762048566743,-1.0,0.0,0.5808760602787362,0.05836089150795799
minibatch,17,8500,256,0.10965215250616893,0.018684929750487647,0.3373893410956953,0.009863405323574563,0.4470414936018642,0.022410900920639326,179.01635099035633,1.3860126253245706,0.18028756585901187,0.027860603762814424,0.32414010406169386,0.008453779619772759,2.9,0.31622776601683794,77.0,11.175369742826806,0.46522081549516364,0.04731726003452616
minibatch,17,8500,512,0.1718117028940469,0.01811864664905125,0.3374718033068348,0.00802352632954683,0.5092835062008817,0.019708640745862767,179.20937716741682,1.4233950266312798,0.17713924496016265,0.029568991899688073,0.32404473097347075,0.01062001168495024,4.2,0.4216370213557839,59.9,10.640071010623524,0.44715752501147654,0.046070455379834944
minibatch,17,8500,1024,0.14411033499636688,0.02012854643094716,0.3333197719999589,0.008008250711958771,0.47743010699632576,0.02363167941185457,179.3496502284364,1.7028978034563798,0.17817894282222135,0.023441557710506773,0.3246619919659519,0.007892449527598381,5.4,1.2649110640673518,40.3,10.143963722332607,0.4455312341049988,0.04830238116878105
minibatch,17,8500,2048,0.13890188899240458,0.020467793667056037,0.3375518581015058,0.010940504033938812,0.47645374709391036,0.01896898624515344,179.46514595291757,1.6097623911352883,0.18011312057859255,0.027737321623861902,0.32530147417838917,0.007444762707257694,8.1,1.911950719959998,31.1,8.252272414311104,0.44556952414010675,0.04805208872515181
kmeans,20,10000,nan,0.11132508318987674,0.013576886988969352,0.33567314060637726,0.010406216006946247,0.44699822379625404,0.020008467949073894,170.06068831271392,0.6117638048822156,0.16611508495595909,0.01977464431810676,0.3247178132321795,0.008456000118080266,58.0,23.888630489558555,-1.0,0.0,0.590546525631059,0.06732023164541427
minibatch,20,10000,256,0.10909719829214737,0.006085947890064946,0.33278046330669897,0.009165359905138844,0.44187766159884634,0.012770027504719873,173.20502186723598,1.090656145810722,0.16606792081521574,0.020967759092934343,0.3237418352258367,0.004726391384903894,2.9,0.5676462121975466,91.0,17.275544693133252,0.455334269532342,0.03672463181916716
minibatch,20,10000,512,0.17152230920619332,0.02023559430980879,0.33451528250006957,0.008167595899928007,0.506037591706263,0.01880735545049809,173.00601676820466,0.9084006543216282,0.16521680828074703,0.021626050964856806,0.3195297074084958,0.007743859048025986,3.4,0.8432740427115679,57.5,16.945992643296723,0.4614354058649851,0.04014612993352615
minibatch,20,10000,1024,0.154167113796575,0.02016939890059491,0.3365597752854228,0.010675651458899845,0.4907268890819978,0.021889630563743066,173.1258121841462,0.9204919685534471,0.16545411688032974,0.02015086593899172,0.32248310294493854,0.007019698807111717,5.0,1.1547005383792515,43.7,9.626929820964614,0.44715748131326144,0.03105589748973757
minibatch,20,10000,2048,0.13872408959432506,0.01906944414414399,0.3382064657052979,0.008541942609650516,0.4769305552996229,0.022871510544948355,173.48914619182818,1.0216893483725484,0.16291213987346007,0.019393580134304794,0.3191253791815162,0.006509430189926244,6.7,1.567021236472421,30.9,7.187179944564874,0.4402347577314813,0.03384541301934765
kmeans,30,15000,nan,0.12510437099845148,0.03402267264195951,0.3572115699935239,0.01213401203384616,0.4823159409919754,0.025384202559843347,156.08673004640963,0.4079286415796219,0.11837550310882745,0.009805481823336067,0.32442557121297566,0.004279074723130196,60.1,19.69461291261592,-1.0,0.0,0.5934694260073003,0.03688839763729456
minibatch,30,15000,256,0.12360001170309261,0.011056576615806214,0.35533571110572665,0.01057032354543005,0.47893572280881924,0.016424586378397072,158.5903862467028,0.9136900280001657,0.11629390361245992,0.007172862348869897,0.3189825900909644,0.004090131223633393,2.5,0.5270462766947299,117.7,22.75009157490727,0.47118814953034943,0.038794359299291675
minibatch,30,15000,512,0.2066345266008284,0.033058988090917486,0.3542729348060675,0.01037855913636214,0.5609074614068958,0.039517925162726654,158.67550869053318,0.908546035104808,0.11765340719161428,0.007645761869689857,0.31910903201063373,0.0031173845408882517,3.0,0.6666666666666666,73.7,15.578118557058737,0.4824901236207844,0.030028145482963616
minibatch,30,15000,1024,0.17473442720365712,0.021561459066382786,0.3558451282035094,0.009630844338347194,0.5305795554071665,0.02435638085066402,158.86195715541513,1.0611814555202261,0.11633682261471037,0.00910594577851454,0.3184271211202325,0.0050605516975631,3.9,0.7378647873726218,52.8,12.090400232323898,0.4703108720287542,0.030227576549477986
minibatch,30,15000,2048,0.18842569849221036,0.02573490692098537,0.356081968016224,0.01180642150079941,0.5445076665084343,0.02946158041138514,159.0197346716315,1.2468930014247959,0.11624639892973683,0.009760507692730964,0.31875550186632434,0.003640996733199471,7.0,1.632993161855452,47.8,11.877148928369412,0.46257623716950413,0.03239245907433125
kmeans,40,20000,nan,0.1489455440081656,0.03690572485549637,0.36879646161105484,0.009143334191054139,0.5177420056192205,0.03789818420245781,148.02483995295216,0.37856314292006454,0.09248774589494368,0.003144004595887806,0.31695455516452825,0.0023352373866241754,97.4,40.993766463803844,-1.0,0.0,0.5786904767753106,0.02622547669499043
minibatch,40,20000,256,0.14376860819756984,0.012120189466198885,0.3712948761996813,0.012630745723133194,0.5150634843972511,0.016109499197336605,150.61951709954988,0.5651257041712064,0.09547313905558746,0.006974861622791122,0.3154081554996557,0.0029445675620584466,2.6,0.5163977794943223,153.8,25.151982471014534,0.46047372267394704,0.022685339659433597
minibatch,40,20000,512,0.21949377639684825,0.01756225675063182,0.36913534490158784,0.010513079258840145,0.588629121298436,0.01855617473664587,150.51979195202244,0.32024287902099724,0.09254242744470291,0.006064195400620877,0.3141176220667353,0.003929988993301937,2.8,0.4216370213557839,89.9,9.757618106439251,0.4508151208701179,0.024918538373611434
minibatch,40,20000,1024,0.1971634283021558,0.03746855568120104,0.36755627730162815,0.010027440778268804,0.5647197056037839,0.03512497133085705,150.3857087250334,0.294987329014738,0.09290592061393602,0.0071312100063871476,0.3134672962753009,0.0032587107618198973,3.7,0.8232726023485646,65.7,19.573508173606037,0.45385483584663733,0.022473726440881987
minibatch,40,20000,2048,0.17950936200795695,0.022298616018577196,0.3661705527978484,0.010801744306591934,0.5456799148058054,0.02802607749951792,150.44832068819932,0.48294549163883244,0.09363266074989486,0.005872843624081992,0.3155120594064956,0.003391029820559233,6.0,0.9428090415820634,51.8,9.886017061149213,0.4526083347138644,0.02111702140437632
kmeans,50,25000,nan,0.1452786546025891,0.016583340928926688,0.38704590079723855,0.009351970125673946,0.5323245553998277,0.022963163399638022,142.2955509942495,0.2142054835611357,0.07850284706013418,0.0026181934095227274,0.31341832301537875,0.0024496286168815638,92.4,26.23060129780567,-1.0,0.0,0.5698943979070294,0.03186909736498153
minibatch,50,25000,256,0.1656080828048289,0.010061905997017144,0.38864220649120396,0.009518315055018146,0.5542502892960328,0.015186200183152403,144.69900147310523,0.47394485968079897,0.080464872625241,0.0036117249826037134,0.3120262452035367,0.002949658110123292,2.3,0.48304589153964794,188.5,21.204035255373235,0.4405191006342136,0.022806258709839777
minibatch,50,25000,512,0.2782914469076786,0.04333744824768639,0.39134303329628894,0.0122669046411742,0.6696344802039675,0.04694698597321618,144.58991721640848,0.32756559304774835,0.08127326866759543,0.0042588129217972,0.3126111758248539,0.0017240844546356285,2.9,0.5676462121975467,114.2,23.74774843128408,0.43818658958518236,0.019528919540437437
minibatch,50,25000,1024,0.21010948290349915,0.03430438992019554,0.3895956601074431,0.010514815131400424,0.5997051430109422,0.03121070569986841,144.48320074103563,0.4863473037855144,0.08121730784342068,0.0036830267015960164,0.31307425951030604,0.00253143062582354,3.3,0.8232726023485646,73.0,18.808981306221177,0.4448600662546758,0.019850210392916175
minibatch,50,25000,2048,0.18816842571250164,0.01982008895464447,0.3869339186814614,0.011041736307721043,0.575102344393963,0.024656436590123603,144.5765806767519,0.4775506152373442,0.08029100255481239,0.0036189952917113546,0.31180885935156966,0.0026852394482645317,5.2,0.9189365834726815,57.4,10.057611821677925,0.439612807444617,0.02391106297171267
