method,k,sample_size,batch_size,seed,fit_time_s,assignment_time_s,total_time_s,distortion,n_iter,n_steps,ari_ground_truth,ami_ground_truth
kmeans,10,5000,nan,1,0.03219551302026957,0.3439844549866393,0.3761799680069089,197.5423282347536,27,-1,0.18268794967403426,0.3117474552788668
kmeans,10,5000,nan,2,0.03046148200519383,0.34482617501635104,0.3752876570215449,197.5290498846481,27,-1,0.2513830654032278,0.3346159135137473
kmeans,10,5000,nan,3,0.036771364975720644,0.34125218202825636,0.378023547003977,196.64701484335257,51,-1,0.2610127425960462,0.3487749631592982
kmeans,10,5000,nan,4,0.032670726999640465,0.3439122019917704,0.3765829289914109,196.38578672446732,34,-1,0.2477003147544293,0.3394476646137565
kmeans,10,5000,nan,5,0.02883606299292296,0.33897923602489755,0.3678152990178205,197.16861780630256,21,-1,0.2446785962724656,0.3271892362403594
kmeans,10,5000,nan,6,0.0411151010193862,0.3424071880290285,0.3835222890484147,200.18867670492534,70,-1,0.2657253873895398,0.31210727338365385
kmeans,10,5000,nan,7,0.030078249983489513,0.34179313899949193,0.37187138898298144,198.18024464909405,26,-1,0.21862423317306712,0.34914405316415126
kmeans,10,5000,nan,8,0.03405992704210803,0.33872396097285673,0.37278388801496476,199.6311054674871,28,-1,0.2814466031095413,0.3366000925921649
kmeans,10,5000,nan,9,0.04005771299125627,0.34122656303225085,0.3812842760235071,197.31339194534908,57,-1,0.24641031248205378,0.32016030650256444
kmeans,10,5000,nan,10,0.03510310401907191,0.3383368759532459,0.3734399799723178,196.4662800463079,39,-1,0.1904617644626858,0.3117657075050206
minibatch,10,5000,256,1,0.0951084639527835,0.3092801970196888,0.4043886609724723,201.26986273864028,1,12,0.15804670158849612,0.30620553876977535
minibatch,10,5000,256,2,0.10173181496793404,0.3409515640232712,0.44268337899120525,203.62995428404764,4,75,0.24734270589278695,0.3108775927025376
minibatch,10,5000,256,3,0.09633288398617879,0.3294757449766621,0.4258086289628409,201.65142254465582,3,50,0.22172076127090326,0.3273175447954902
minibatch,10,5000,256,4,0.09604299499187618,0.33233531698351726,0.42837831197539344,201.57615405883934,3,53,0.2671983303889473,0.34133591975104105
minibatch,10,5000,256,5,0.09301078197313473,0.335207658004947,0.42821843997808173,200.68640616492027,3,41,0.2581851666561291,0.3201100212532354
minibatch,10,5000,256,6,0.0966976439813152,0.33100404497236013,0.42770168895367533,204.919798455963,3,56,0.2707262739507615,0.31071578134394146
minibatch,10,5000,256,7,0.13537401898065582,0.35152389702852815,0.486897916009184,200.6935016450834,3,47,0.21338318480861548,0.3519975214964614
minibatch,10,5000,256,8,0.09137166501022875,0.34107925195712596,0.4324509169673547,201.4460397400049,2,33,0.24216680166307436,0.3295111085267766
minibatch,10,5000,256,9,0.0930245429626666,0.3375304490327835,0.4305549919954501,200.54697210438886,3,41,0.1972108043005243,0.30026268532214617
minibatch,10,5000,256,10,0.0951290630036965,0.33491594798397273,0.43004501098766923,199.2112301288379,3,49,0.19875822271251534,0.3131139337615557
minibatch,10,5000,512,1,0.11071992601500824,0.3123950570006855,0.4231149830156937,198.49470522668906,3,24,0.171816822562218,0.30927928888785583
minibatch,10,5000,512,2,0.16321369196521118,0.33606962801422924,0.4992833199794404,200.9849464736601,6,52,0.23932397326705301,0.3237377515114165
minibatch,10,5000,512,3,0.13707167300162837,0.33756513701519,0.47463681001681834,200.77255019051083,5,45,0.21774018194336306,0.33212570584571494
minibatch,10,5000,512,4,0.15085974102839828,0.3412940829875879,0.4921538240159862,201.0456588515621,4,38,0.24702939999567716,0.3322785175251799
minibatch,10,5000,512,5,0.13040810701204464,0.34186498197959736,0.472273088991642,198.8106152845135,4,30,0.2547389260750415,0.3160551682963012
minibatch,10,5000,512,6,0.13640938204480335,0.3413336179801263,0.47774300002492964,202.63751520726504,4,34,0.2659011187653086,0.3211191178868506
minibatch,10,5000,512,7,0.11856397200608626,0.33943409798666835,0.4579980699927546,200.430976343486,4,30,0.2160338328048057,0.35177663394885494
minibatch,10,5000,512,8,0.10856007295660675,0.33958491700468585,0.4481449899612926,201.822856460177,3,22,0.242215607007748,0.3179278414948594
minibatch,10,5000,512,9,0.10943139001028612,0.33834566397126764,0.44777705398155376,202.09284390965476,3,23,0.20092630258528732,0.3015622073534968
minibatch,10,5000,512,10,0.17055652802810073,0.3407941230107099,0.5113506510388106,199.23047007292928,7,60,0.1963041785665926,0.3195143137846885
minibatch,10,5000,1024,1,0.13216365699190646,0.3077691940125078,0.43993285100441426,198.33035890041214,8,36,0.1765883508773382,0.31163480877420513
minibatch,10,5000,1024,2,0.11027598998043686,0.33591556904138997,0.44619155902182683,201.83070268114676,5,21,0.23033812385494798,0.32535718295366106
minibatch,10,5000,1024,3,0.1407363920006901,0.3364264309639111,0.4771628229646012,200.8096091728808,8,38,0.24161201861158432,0.34096314273339495
minibatch,10,5000,1024,4,0.127995487942826,0.3382743440452032,0.4662698319880292,201.38519459580857,7,33,0.2502726086162876,0.3353042966075492
minibatch,10,5000,1024,5,0.12426426901947707,0.32910693995654583,0.4533712089760229,198.85498319430198,7,31,0.255926349054149,0.3222435520024268
minibatch,10,5000,1024,6,0.15616152301663533,0.33934546302771196,0.4955069860443473,202.51035356438678,9,43,0.2653399606400119,0.31876218611995927
minibatch,10,5000,1024,7,0.14609064400428906,0.33101676701335236,0.4771074110176414,200.56081158932395,9,40,0.2172569979486017,0.35715268846783876
minibatch,10,5000,1024,8,0.13061619899235666,0.3305885990266688,0.4612047980190255,202.50493901667744,7,32,0.24492974649116075,0.318409279736366
minibatch,10,5000,1024,9,0.12193488900084049,0.34059621300548315,0.46253110200632364,200.27538033210604,6,29,0.19756989164533945,0.3058430572194198
minibatch,10,5000,1024,10,0.1368151869974099,0.3255766050424427,0.4623917920398526,200.53919873251274,7,32,0.19676653542015315,0.3148249755621065
minibatch,10,5000,2048,1,0.12223897397052497,0.3079366760211997,0.43017564999172464,199.26517971509466,10,24,0.17054894110723423,0.3113081266364024
minibatch,10,5000,2048,2,0.13879722700221464,0.33964173699496314,0.4784389639971778,201.95832700726208,14,33,0.2281549453800196,0.3215479420756637
minibatch,10,5000,2048,3,0.1363972199615091,0.3382030430366285,0.4746002629981376,201.20645182758412,10,23,0.2321168287343811,0.33484970717761137
minibatch,10,5000,2048,4,0.12047109298873693,0.33119245804846287,0.4516635510371998,202.08011876127807,10,23,0.2550050303182174,0.3328998457616284
minibatch,10,5000,2048,5,0.15275603102054447,0.3295590910129249,0.4823151220334694,199.90507343988503,18,42,0.25780173322070987,0.3186804125684965
minibatch,10,5000,2048,6,0.16203165700426325,0.33179175498662516,0.4938234119908884,202.1420538381441,20,48,0.2658146630168783,0.3183245124235899
minibatch,10,5000,2048,7,0.12305188900791109,0.3416385020245798,0.4646903910324909,200.6742818248206,11,25,0.2234152228313042,0.35287231527216906
minibatch,10,5000,2048,8,0.127061890962068,0.33934271603357047,0.46640460699563846,202.03058076514736,12,27,0.242397339056241,0.316118601504209
minibatch,10,5000,2048,9,0.13962565100518987,0.33715495496289805,0.4767806059680879,200.29353231972667,15,35,0.2000444953104802,0.3067258939097774
minibatch,10,5000,2048,10,0.1176410440239124,0.33703962102299556,0.45468066504690796,199.6265633465093,10,22,0.19523805656796042,0.31306116230104714
kmeans,17,8500,nan,1,0.10026203998131678,0.3099337019957602,0.410195741977077,175.65887821439466,43,-1,0.17390486903622576,0.3308110451430894
kmeans,17,8500,nan,2,0.09855222702026367,0.34174573997734115,0.4402979669976048,176.24630090030487,39,-1,0.15880198502812384,0.32490866863868884
kmeans,17,8500,nan,3,0.11823893303517252,0.3388200699700974,0.4570590030052699,176.12319238610178,60,-1,0.16263722981709464,0.32716891814670246
kmeans,17,8500,nan,4,0.1410942379734479,0.3392967110266909,0.4803909490001388,175.92196129073562,27,-1,0.18408758391880078,0.33635476777806034
kmeans,17,8500,nan,5,0.1332643880159594,0.33981899003265426,0.47308337804861367,176.13706153267844,81,-1,0.16568061602697157,0.3310101135279074
kmeans,17,8500,nan,6,0.11508522799704224,0.3435202219989151,0.4586054499959573,175.80066873665126,59,-1,0.17626509028318044,0.3224425797318122
kmeans,17,8500,nan,7,0.10398525599157438,0.3365484270034358,0.44053368299501017,175.59923732941482,52,-1,0.186802981013209,0.332706054868327
kmeans,17,8500,nan,8,0.12975993199506775,0.3382466749753803,0.46800660697044805,177.08346175921332,108,-1,0.20806759216195386,0.3403793808866587
kmeans,17,8500,nan,9,0.1160252490080893,0.33507751399884,0.4511027630069293,175.3288141150756,68,-1,0.16215895004043554,0.3243133754696886
kmeans,17,8500,nan,10,0.12185330601641908,0.33992053201654926,0.46177383803296834,176.85281113459925,88,-1,0.17154360453281445,0.32228416804896065
minibatch,17,8500,256,1,0.10316908202366903,0.3104810469667427,0.41365012899041176,177.7756090683873,3,81,0.17106283892536467,0.3317710587321762
minibatch,17,8500,256,2,0.10746719699818641,0.34576095902593806,0.4532281560241245,177.93277220614092,3,96,0.17018848940271802,0.32669496370859435
minibatch,17,8500,256,3,0.10042145900661126,0.33684279303997755,0.4372642520465888,179.34032786903552,3,67,0.17768676465400213,0.321136917423245
minibatch,17,8500,256,4,0.1622441119980067,0.3407842390006408,0.5030283509986475,179.12227647939284,2,59,0.157957490171552,0.3060955292147844
minibatch,17,8500,256,5,0.10840616503264755,0.3373920230078511,0.44579818804049864,178.6145571057308,3,69,0.14658600870524152,0.3239639806387288
minibatch,17,8500,256,6,0.10182080400409177,0.33783890795893967,0.43965971196303144,179.78910026457473,3,76,0.17201532646758488,0.32337871897644055
minibatch,17,8500,256,7,0.10617558500962332,0.34293170500313863,0.44910729001276195,177.14584295112041,3,90,0.17934096315620857,0.3244310670675759
minibatch,17,8500,256,8,0.10245974001009017,0.34182021499145776,0.44427995500154793,182.08549565551635,3,79,0.23259168017367693,0.33850767557294265
minibatch,17,8500,256,9,0.10047425999073312,0.3384059459785931,0.4388802059693262,178.5747239564574,3,70,0.16818830315500266,0.3186730371101351
minibatch,17,8500,256,10,0.10388312098802999,0.34163557598367333,0.4455186969717033,179.78280434720733,3,83,0.22725779377876754,0.32674809217231593
minibatch,17,8500,512,1,0.16600091103464365,0.31651351699838415,0.4825144280330278,179.93712324210156,4,56,0.1463904327964586,0.3066340080250681
minibatch,17,8500,512,2,0.15743280301103368,0.3447025240166113,0.502135327027645,178.37132745838298,4,51,0.1717727907019681,0.3264056080503821
minibatch,17,8500,512,3,0.16013538697734475,0.34310118400026113,0.5032365709776059,179.82376535209642,4,50,0.16682360489005224,0.32389397149266635
minibatch,17,8500,512,4,0.18664347397862002,0.3389755400130525,0.5256190139916725,178.28622774179098,5,74,0.16120685861247902,0.31338059972853016
minibatch,17,8500,512,5,0.15826767397811636,0.33425253303721547,0.49252020701533183,177.64335955900052,4,54,0.15561338513890155,0.3286919465900416
minibatch,17,8500,512,6,0.15648370899725705,0.3409677909803577,0.49745149997761473,180.39722873027122,4,52,0.1721600808537726,0.3171417285706553
minibatch,17,8500,512,7,0.15966289298376068,0.3423705970053561,0.5020334899891168,177.5220464608124,4,56,0.1759695661355959,0.33353431409449014
minibatch,17,8500,512,8,0.178712897002697,0.3382033400121145,0.5169162370148115,181.96917550205103,4,65,0.22992236276703432,0.3355001695766461
minibatch,17,8500,512,9,0.18262780201621354,0.3360053490032442,0.5186331510194577,178.23270894046883,4,59,0.15995577390540738,0.3158779684717509
minibatch,17,8500,512,10,0.2121494789607823,0.3396256580017507,0.551775136962533,179.91080868719243,5,82,0.2315775937999567,0.33938699513447707
minibatch,17,8500,1024,1,0.125086810963694,0.3118432420305908,0.4369300529942848,178.7744750555741,4,31,0.15831954076678176,0.316505182709118
minibatch,17,8500,1024,2,0.16715091501828283,0.33621687296545133,0.5033677879837342,178.4719309615545,8,60,0.1719656627552204,0.32747149023627037
minibatch,17,8500,1024,3,0.13573463103966787,0.3407264879788272,0.4764611190184951,179.45077383839998,5,38,0.1712280295297346,0.32395370082209735
minibatch,17,8500,1024,4,0.14618769701337442,0.33313989295857027,0.4793275899719447,176.54512878851472,6,45,0.17289880807564212,0.32941249433331754
minibatch,17,8500,1024,5,0.1736793700256385,0.33371806697687134,0.5073974370025098,177.9513626501373,6,46,0.1564752848103626,0.32455237588503844
minibatch,17,8500,1024,6,0.12168413499603048,0.338379557011649,0.4600636920076795,181.02803398449709,4,28,0.17242783045945623,0.3186412256121666
minibatch,17,8500,1024,7,0.14119887497508898,0.3322320469887927,0.4734309219638817,178.70196239212976,5,41,0.1721850038190965,0.32659419446458327
minibatch,17,8500,1024,8,0.14209347596624866,0.3341373660368845,0.47623084200313315,181.3420226771121,6,42,0.22222703140671443,0.3403147603709903
minibatch,17,8500,1024,9,0.11875291494652629,0.33466294105164707,0.45341585599817336,179.073254645983,4,26,0.1639926364827746,0.327543716683331
minibatch,17,8500,1024,10,0.1695345250191167,0.3381412460003048,0.5076757710194215,182.15755729046114,6,46,0.22006960011643023,0.31163077854260635
minibatch,17,8500,2048,1,0.1730714680161327,0.3090255350107327,0.4820970030268654,179.11545861279612,9,36,0.16290675609033836,0.32131984071355363
minibatch,17,8500,2048,2,0.12297041900455952,0.3458458170061931,0.4688162360107526,178.34581254931967,7,25,0.1725196803803832,0.32613323122171495
minibatch,17,8500,2048,3,0.14606672601075843,0.34028021001722664,0.48634693602798507,178.10580746335827,9,37,0.17130220665936557,0.3325631823456066
minibatch,17,8500,2048,4,0.12950263294624165,0.33879503601929173,0.4682976689655334,178.67472747703326,7,28,0.16310996702141986,0.3155805136193722
minibatch,17,8500,2048,5,0.16964670800371096,0.34937728598015383,0.5190239939838648,177.80056580273424,12,46,0.1571181560681729,0.32416937518726135
minibatch,17,8500,2048,6,0.11673292197519913,0.33867434097919613,0.45540726295439526,180.70186404882065,6,21,0.1706947511089695,0.3193511128100812
minibatch,17,8500,2048,7,0.12088073999620974,0.34213159600039944,0.4630123359966092,179.12128531856692,6,23,0.17677238281043367,0.3335348585485274
minibatch,17,8500,2048,8,0.13361055898712948,0.3332666879869066,0.4668772469740361,182.46106286631553,8,30,0.22563017777890124,0.33890144318915705
minibatch,17,8500,2048,9,0.15274338296148926,0.339664678031113,0.49240806099260226,178.56434898632568,10,40,0.16400818085343274,0.3193479187316677
minibatch,17,8500,2048,10,0.12379333202261478,0.33845739398384467,0.46225072600645944,181.76052640390492,7,25,0.2370689470145083,0.32211326541694896
kmeans,20,10000,nan,1,0.09626496798591688,0.30621576303383335,0.40248073101975024,170.77096095373432,33,-1,0.20522406911609367,0.33643815586474385
kmeans,20,10000,nan,2,0.13848866597982123,0.3387844579992816,0.4772731239791028,170.6804366587809,100,-1,0.14110405443234417,0.3156001724280536
kmeans,20,10000,nan,3,0.1069629659759812,0.33849511097650975,0.44545807695249096,169.42811720292391,45,-1,0.17239926394926983,0.31943787756554703
kmeans,20,10000,nan,4,0.10214333795011044,0.3379979080054909,0.44014124595560133,170.2685202710602,45,-1,0.14772871556751252,0.3109486984174843
kmeans,20,10000,nan,5,0.12128112401114777,0.3395802800077945,0.46086140401894227,169.32766272992592,79,-1,0.1419959688151565,0.3174057930391257
kmeans,20,10000,nan,6,0.10545156901935115,0.33697190700331703,0.4424234760226682,170.04183456935772,54,-1,0.16770820586229757,0.3270034849069986
kmeans,20,10000,nan,7,0.10424143995624036,0.3404773950460367,0.44471883500227705,169.5977519378911,34,-1,0.1774135608205273,0.3330500239950763
kmeans,20,10000,nan,8,0.1237402000115253,0.33925492799608037,0.46299512800760567,171.07706970966552,78,-1,0.17703661267200171,0.3324661755908595
kmeans,20,10000,nan,9,0.11785644799238071,0.3384718740126118,0.4563283220049925,169.67952385979768,78,-1,0.17404751253845505,0.3286141049559412
kmeans,20,10000,nan,10,0.09682011301629245,0.34048178198281676,0.4373018949991092,169.735005234002,34,-1,0.15649288578593237,0.3262136455579647
minibatch,20,10000,256,1,0.10358117602299899,0.30760101799387485,0.41118219401687384,173.71566079447882,2,74,0.203494693132785,0.31960196713321465
minibatch,20,10000,256,2,0.10793433495564386,0.3395420650485903,0.44747640000423416,174.434537166624,3,95,0.1444564230283251,0.3195507504486743
minibatch,20,10000,256,3,0.10538602399174124,0.335978179005906,0.4413642029976472,172.72570177161103,3,84,0.19414258008810448,0.3238405570350516
minibatch,20,10000,256,4,0.11629565700422972,0.3328316470142454,0.4491273040184751,174.0139371564478,3,92,0.14033659189206985,0.3152360525393232
minibatch,20,10000,256,5,0.10238197800936177,0.332892368955072,0.4352743469644338,171.3395791545356,2,70,0.14841309055607013,0.32125638209224927
minibatch,20,10000,256,6,0.10585685103433207,0.33205731597263366,0.4379141670069657,172.50651554279528,3,85,0.17382907152704147,0.3292646815850364
minibatch,20,10000,256,7,0.10743832995649427,0.3361343590077013,0.44357268896419555,172.86993697218796,3,92,0.17352036306709193,0.3247084280161068
minibatch,20,10000,256,8,0.10568488098215312,0.33596193802077323,0.44164681900292635,174.94428834905943,3,86,0.165548481081346,0.3267445820451275
minibatch,20,10000,256,9,0.11807319399667904,0.3365533120231703,0.45462650601984933,172.2352130519785,4,133,0.1653786847345473,0.32854351550916155
minibatch,20,10000,256,10,0.1183395569678396,0.3382524300250225,0.4565919869928621,173.26484871264162,3,99,0.1515592290447761,0.3286714358544216
minibatch,20,10000,512,1,0.188169552013278,0.31333293695934117,0.5015024889726192,172.6435441116403,4,76,0.20465538218516593,0.3230683007536286
minibatch,20,10000,512,2,0.16716184600954875,0.34497238596668467,0.5121342319762334,173.74823079171793,3,56,0.14216929804987072,0.3218582484299285
minibatch,20,10000,512,3,0.15176344203064218,0.3339670649729669,0.4857305070036091,173.9137638961613,3,44,0.19266887578101113,0.3153017001494154
minibatch,20,10000,512,4,0.14770581800257787,0.335644040023908,0.4833498580264859,174.12570195024674,3,46,0.143334312532156,0.30068386899085714
minibatch,20,10000,512,5,0.2103408849798143,0.33315672003664076,0.543497605016455,171.49813161369377,5,89,0.14427994080401246,0.3188025785531085
minibatch,20,10000,512,6,0.15757459501037374,0.3375355390016921,0.49511013401206583,172.49594797347083,2,31,0.16137984472010272,0.3253346098357514
minibatch,20,10000,512,7,0.16175645700423047,0.3387550220359117,0.5005114790401421,172.91007681788346,3,58,0.1764279010291354,0.328942348374846
minibatch,20,10000,512,8,0.1916915850015357,0.3341600970015861,0.5258516820031218,173.283704770518,4,65,0.17107057739813747,0.3220640854573493
minibatch,20,10000,512,9,0.18001745000947267,0.33756521402392536,0.517582664033398,173.69098454699298,4,64,0.16745957524225208,0.32273977894939365
minibatch,20,10000,512,10,0.15904146200045943,0.3360638049780391,0.49510526697849855,171.75008120972134,3,46,0.1487223750656263,0.31650155459067947
minibatch,20,10000,1024,1,0.15750616503646597,0.308489118993748,0.46599528403021395,173.82191750858686,5,40,0.20099353597616265,0.31907433132146185
minibatch,20,10000,1024,2,0.1729109389707446,0.3414135639904998,0.5143245029612444,172.35887854149487,7,59,0.14264022627552772,0.3199361307752293
minibatch,20,10000,1024,3,0.14643806498497725,0.3388767999713309,0.48531486495630816,173.45682814832819,5,43,0.19196936498478748,0.318942916884542
minibatch,20,10000,1024,4,0.13490672601619735,0.3386135119944811,0.47352023801067844,173.9846104320771,4,36,0.1503660819228286,0.3098220079267697
minibatch,20,10000,1024,5,0.16161729802843183,0.34913413296453655,0.5107514309929684,171.96351592753302,6,55,0.1439147307361152,0.31813702002437383
minibatch,20,10000,1024,6,0.19108666997635737,0.3339387159794569,0.5250253859558143,172.8557769431749,5,42,0.16117363645876087,0.33150510410070455
minibatch,20,10000,1024,7,0.12626724800793454,0.34049496497027576,0.4667622129782103,173.79502175163734,3,29,0.17750042421744056,0.33072875889575604
minibatch,20,10000,1024,8,0.16950012295274064,0.33948470902396366,0.5089848319767043,174.2883127390323,6,55,0.17094791564310127,0.3268563339234186
minibatch,20,10000,1024,9,0.13462419097777456,0.34017679799580947,0.474800988973584,171.5511308957516,4,37,0.16637049895361045,0.3300775926688251
minibatch,20,10000,1024,10,0.14681371301412582,0.3349754369701259,0.4817891499842517,173.18212895384568,5,41,0.1486647536349624,0.31975083292830453
minibatch,20,10000,2048,1,0.12005208100890741,0.3143694360041991,0.4344215170131065,174.50025692363073,5,23,0.19636983622383763,0.3111638368685518
minibatch,20,10000,2048,2,0.13579752598889172,0.34335050400113687,0.4791480299900286,173.69503038760413,7,32,0.1414847099372554,0.3175096226478801
minibatch,20,10000,2048,3,0.18666685395874083,0.33853207202628255,0.5251989259850234,173.41012340925536,10,47,0.19211888361417392,0.3193409647527693
minibatch,20,10000,2048,4,0.14353937603300437,0.3433899939991534,0.48692937003215775,172.66854146475242,8,35,0.14599823950183477,0.30931741750371455
minibatch,20,10000,2048,5,0.133538611989934,0.3398700350080617,0.4734086469979957,172.33392322503477,7,30,0.14814356880209892,0.3217167660580943
minibatch,20,10000,2048,6,0.13798666500952095,0.34062463499139994,0.4786113000009209,173.69850187799454,7,33,0.16218155267589762,0.32188040692099623
minibatch,20,10000,2048,7,0.1426112040062435,0.33975708298385143,0.48236828699009493,172.4164537663378,6,27,0.1741692242695718,0.32698707092151913
minibatch,20,10000,2048,8,0.12270323798293248,0.3424140810384415,0.465117319021374,175.7004664487587,5,24,0.15853143519423538,0.3213692747330886
minibatch,20,10000,2048,9,0.12195414595771581,0.3392747860052623,0.4612289319629781,173.0091592296395,5,24,0.1645362889363179,0.3290791969736023
minibatch,20,10000,2048,10,0.14239119400735945,0.34048203099519014,0.4828732250025496,173.45900518527404,7,34,0.14558765957937742,0.3128892344349449
kmeans,30,15000,nan,1,0.20185557496733963,0.32332559500355273,0.5251811699708924,155.54613704524988,100,-1,0.1148110936198597,0.3219764622115596
kmeans,30,15000,nan,2,0.11359742097556591,0.36054256500210613,0.47413998597767204,155.7159111301686,56,-1,0.11303683095249262,0.3253169534145933
kmeans,30,15000,nan,3,0.17133657803060487,0.36056371696759015,0.531900294998195,155.8365456562168,80,-1,0.12138110474604766,0.3274846983962759
kmeans,30,15000,nan,4,0.09616268001263961,0.36017014196841046,0.4563328219810501,156.05136724977976,31,-1,0.11748506891127704,0.31901978332761216
kmeans,30,15000,nan,5,0.11225957999704406,0.361974599014502,0.4742341790115461,156.68931034946928,50,-1,0.12665851177642415,0.32275442563626777
kmeans,30,15000,nan,6,0.12338679900858551,0.35928435798268765,0.48267115699127316,156.24506489655388,59,-1,0.10731266227603467,0.32438173722423946
kmeans,30,15000,nan,7,0.10473047196865082,0.364751040993724,0.46948151296237484,155.76512909777188,48,-1,0.11337093303179797,0.32504318473093213
kmeans,30,15000,nan,8,0.11311069800285622,0.36234590597450733,0.47545660397736356,156.0613208525681,68,-1,0.11864399268237512,0.32909257186343127
kmeans,30,15000,nan,9,0.10187287302687764,0.3630693790037185,0.46494225203059614,156.1579219786403,43,-1,0.10978127265900293,0.31772243802986394
kmeans,30,15000,nan,10,0.11273103399435058,0.3560883980244398,0.4688194320187904,156.79859220767784,66,-1,0.14127356043296277,0.33146345729498145
minibatch,30,15000,256,1,0.11688847199548036,0.3268052070052363,0.44369367900071666,159.84273331500614,2,102,0.11687630438276757,0.31832841942038625
minibatch,30,15000,256,2,0.1294636019738391,0.3650346380309202,0.4944982400047593,159.32936295441823,3,139,0.1192951071760249,0.3229339953087366
minibatch,30,15000,256,3,0.12395717803156003,0.35215166298439726,0.4761088410159573,158.40912972298094,3,126,0.11698038212394232,0.32059919636728174
minibatch,30,15000,256,4,0.12853093002922833,0.36045787297189236,0.4889888030011207,156.96280637159776,3,142,0.11814637314932068,0.31888935789870704
minibatch,30,15000,256,5,0.11158814799273387,0.3588691520271823,0.47045730001991615,159.78557186287404,2,88,0.11709420990744861,0.3131935000984185
minibatch,30,15000,256,6,0.12031663302332163,0.3590360839734785,0.47935271699680015,159.00579796368712,2,116,0.10810523330747496,0.3198480753680328
minibatch,30,15000,256,7,0.11260309303179383,0.3602041599806398,0.47280725301243365,157.8777373931517,2,91,0.1090777135783085,0.3214280972460686
minibatch,30,15000,256,8,0.13363563700113446,0.355929087032564,0.48956472403369844,157.88277090414033,3,140,0.12034063274399469,0.324803191226657
minibatch,30,15000,256,9,0.11292753199813887,0.35846160602523014,0.471389138023369,158.54184239775887,2,92,0.10618635771162944,0.3114040224562683
minibatch,30,15000,256,10,0.14608889195369557,0.35640764102572575,0.5024965329794213,158.2661095814127,3,141,0.1308367220436874,0.31839804551908724
minibatch,30,15000,512,1,0.17006635101279244,0.32642768701771274,0.4964940380305052,159.51638925937027,2,48,0.12095963983640369,0.3161184974504599
minibatch,30,15000,512,2,0.20602658396819606,0.36268863402074203,0.5687152179889381,159.7251883121259,3,73,0.11273344932896825,0.3169404621957519
minibatch,30,15000,512,3,0.17262575001223013,0.35707391798496246,0.5296996679971926,158.0376144801766,3,66,0.1202641424467017,0.32139019159226195
minibatch,30,15000,512,4,0.22808890999294817,0.35904538800241426,0.5871342979953624,157.0619533471813,4,91,0.11836201279339661,0.3197332811871104
minibatch,30,15000,512,5,0.2756445800187066,0.36164219299098477,0.6372867730096914,158.89477213878675,4,101,0.12543655931784747,0.3196534516120996
minibatch,30,15000,512,6,0.24202492501353845,0.35697077197255567,0.5989956969860941,158.73794630397666,3,86,0.11098203771153672,0.3198740957388477
minibatch,30,15000,512,7,0.1905993060208857,0.354766740987543,0.5453660470084287,158.79451562026443,3,73,0.10830890257699421,0.3193643443292171
minibatch,30,15000,512,8,0.20194448600523174,0.3578321490203962,0.5597766350256279,157.934867782789,3,71,0.11873494423958582,0.3251986298154889
minibatch,30,15000,512,9,0.18726755195530131,0.3559308950207196,0.5431984469760209,158.09064892845447,3,70,0.10864455465054902,0.313614981270708
minibatch,30,15000,512,10,0.1920568220084533,0.35035097104264423,0.5424077930510975,159.9611907322067,2,58,0.1321078290141593,0.3192023849143918
minibatch,30,15000,1024,1,0.16066009999485686,0.3294019660097547,0.49006206600461155,160.2132542239481,4,53,0.11573309656695537,0.3132558987479898
minibatch,30,15000,1024,2,0.14818763796938583,0.3626449610455893,0.5108325990149751,160.44769026211844,3,40,0.1078645985649741,0.3142087694471852
minibatch,30,15000,1024,3,0.17342765803914517,0.3573327719932422,0.5307604300323874,157.4709036615414,4,55,0.12111166320847545,0.32574589124857967
minibatch,30,15000,1024,4,0.1731528919772245,0.359848955005873,0.5330018469830975,157.48662092776956,3,40,0.1178710488147803,0.3189772660951333
minibatch,30,15000,1024,5,0.18157091602915898,0.3545931309927255,0.5361640470218845,159.5975535239605,4,54,0.1188537747741223,0.31379264372889426
minibatch,30,15000,1024,6,0.20019906596280634,0.3590149839874357,0.559214049950242,158.2958967912038,4,57,0.10706661211464567,0.3179315055766966
minibatch,30,15000,1024,7,0.17824639502214268,0.3622657780069858,0.5405121730291285,158.5517497234192,4,49,0.11079739347722854,0.3263962524177876
minibatch,30,15000,1024,8,0.20468251302372664,0.3562567949993536,0.5609393080230802,158.47871029586977,5,71,0.11718573322184925,0.3223506898782451
minibatch,30,15000,1024,9,0.13691525702597573,0.3598607719759457,0.4967760290019214,158.40582986515167,3,37,0.10887645649662589,0.3128299840011383
minibatch,30,15000,1024,10,0.1903018369921483,0.3572311680181883,0.5475330050103366,159.6713622791688,5,72,0.1380078489074467,0.31878231006067537
minibatch,30,15000,2048,1,0.18620984198059887,0.32426296605262905,0.5104728080332279,159.35265947039446,7,50,0.1137866434171997,0.31667195622354694
minibatch,30,15000,2048,2,0.1913065739790909,0.3582588530262001,0.549565427005291,160.00769032467448,9,60,0.10919963062342235,0.31563865648708755
minibatch,30,15000,2048,3,0.18799568997928873,0.3517087640357204,0.5397044540150091,157.54646922808791,5,31,0.12163170740041006,0.32296803908091004
minibatch,30,15000,2048,4,0.1678710769629106,0.3582048080279492,0.5260758849908598,157.30372794642412,6,41,0.11724170769379566,0.31855689078451577
minibatch,30,15000,2048,5,0.15651231905212626,0.35841079900274053,0.5149231180548668,161.02389414557203,6,39,0.11848681814910819,0.31398900500614807
minibatch,30,15000,2048,6,0.21067758899880573,0.36447620700346306,0.5751537960022688,159.75262011400164,6,41,0.10729713794549038,0.31871842527211725
minibatch,30,15000,2048,7,0.19690832699416205,0.36572477500885725,0.5626331020030193,158.56624189998612,9,62,0.10876359647019176,0.32153264150963673
minibatch,30,15000,2048,8,0.22010154399322346,0.3603402250446379,0.5804417690378614,159.23894496048328,8,53,0.11852327683427298,0.3242733357012765
minibatch,30,15000,2048,9,0.14536354702431709,0.36009535496123135,0.5054589019855484,157.523164780084,5,36,0.10776186285197042,0.3141436494994416
minibatch,30,15000,2048,10,0.2213104759575799,0.359336927998811,0.5806474039563909,159.88193384660696,9,65,0.13977160791150675,0.3210624190985631
kmeans,40,20000,nan,1,0.15253570303320885,0.34300792700378224,0.4955436300369911,148.38174793418716,103,-1,0.0901518357443352,0.31664259370710923
kmeans,40,20000,nan,2,0.1413642790284939,0.37207439000485465,0.5134386690333486,148.9139293538717,86,-1,0.09192188952837341,0.3139711597794963
kmeans,40,20000,nan,3,0.23655169102130458,0.3721749329706654,0.60872662399197,147.93853679034518,196,-1,0.09340360898085043,0.31650892451844903
kmeans,40,20000,nan,4,0.11354548099916428,0.3726698310347274,0.4862153120338917,147.846281987305,56,-1,0.08676188018872881,0.31300666697153523
kmeans,40,20000,nan,5,0.1335696669993922,0.369378837000113,0.5029485039995052,147.81968313858653,96,-1,0.09372121724365726,0.31934849657335707
kmeans,40,20000,nan,6,0.18221252999501303,0.3731864410219714,0.5553989710169844,147.66776813210234,87,-1,0.09880616556106342,0.3187767430416266
kmeans,40,20000,nan,7,0.1491431649774313,0.36975013301707804,0.5188932979945093,147.8804918807694,127,-1,0.09178144639990486,0.3182408937385952
kmeans,40,20000,nan,8,0.11640106100821868,0.3725140410242602,0.4889151020324789,147.81233825126364,66,-1,0.09438713266914181,0.315226495595972
kmeans,40,20000,nan,9,0.14406158600468189,0.3713934780098498,0.5154550640145317,148.21185631802976,99,-1,0.09328979647121277,0.3201250321644277
kmeans,40,20000,nan,10,0.12007027701474726,0.37181460502324626,0.4918848820379935,147.7757657430608,58,-1,0.09065248616216894,0.31769854555471455
minibatch,40,20000,256,1,0.13642750697908923,0.3432846960495226,0.47971220302861184,150.7314856833972,2,140,0.09324880688843334,0.3145750549172977
minibatch,40,20000,256,2,0.12894309405237436,0.3772523579536937,0.5061954520060681,150.91191019441567,2,124,0.09469563850989565,0.31216005720828294
minibatch,40,20000,256,3,0.14747037802590057,0.37185817398130894,0.5193285520072095,150.63035102594355,3,172,0.09865093083194162,0.3145087762301546
minibatch,40,20000,256,4,0.13143942697206512,0.3957916889921762,0.5272311159642413,150.72402130777903,2,128,0.08491231500149252,0.3123123519881692
minibatch,40,20000,256,5,0.15105569298611954,0.37046746199484915,0.5215231549809687,151.78165841902933,3,182,0.09297146906227075,0.31253498377709876
minibatch,40,20000,256,6,0.12612150597851723,0.37201741500757635,0.4981389209860936,150.8242252128993,2,112,0.1127496487061661,0.31997925984659675
minibatch,40,20000,256,7,0.16132253099931404,0.37160207802662626,0.5329246090259403,149.790927873518,3,170,0.09447679271480498,0.3204461143796956
minibatch,40,20000,256,8,0.15119858901016414,0.3720958139747381,0.5232944029849023,149.84677232739486,3,169,0.09519381542290109,0.31608294505912393
minibatch,40,20000,256,9,0.15532413398614153,0.3709271280094981,0.5262512619956397,150.63245376041468,3,167,0.09390161826564127,0.3149699151252767
minibatch,40,20000,256,10,0.1483832229860127,0.36765194800682366,0.5160351709928364,150.3213651907073,3,174,0.09393035515232737,0.3165120964648602
minibatch,40,20000,512,1,0.22209047799697146,0.3403322049998678,0.5624226829968393,150.84467206375245,3,92,0.09001650699422183,0.3105954507832343
minibatch,40,20000,512,2,0.20663202699506655,0.37711441598366946,0.583746442978736,150.52896745190597,2,77,0.0932538653590397,0.3141375908043653
minibatch,40,20000,512,3,0.24334610701771453,0.3704042839817703,0.6137503909994848,150.40787225201956,3,105,0.09270256859812323,0.3154727439685486
minibatch,40,20000,512,4,0.23773708898806944,0.36719881900353357,0.604935907991603,150.24438381919532,3,100,0.08395601875947821,0.30949993085249156
minibatch,40,20000,512,5,0.21028393594315276,0.37483592302305624,0.585119858966209,151.12487648882737,3,91,0.0899704719361489,0.3109391486828849
minibatch,40,20000,512,6,0.23440208897227421,0.37416234402917325,0.6085644330014475,150.2873890489338,3,99,0.10669561077044526,0.3179558077349284
minibatch,40,20000,512,7,0.21384837303776294,0.37038377299904823,0.5842321460368112,150.1613645054568,3,84,0.09261928524817568,0.3210652632489548
minibatch,40,20000,512,8,0.1827791350078769,0.3739609100157395,0.5567400450236164,150.58303697699898,2,75,0.09577884840330805,0.31066377474552087
minibatch,40,20000,512,9,0.22060684696771204,0.37259086599806324,0.5931977129657753,150.2109542317587,3,86,0.09353933538995618,0.3181614394189382
minibatch,40,20000,512,10,0.22321168304188177,0.37036990898195654,0.5935815920238383,150.80440268137573,3,90,0.08689176298813214,0.3126850704274873
minibatch,40,20000,1024,1,0.23687172104837373,0.34040482999989763,0.5772765510482714,150.7028611200345,4,76,0.09137248729155993,0.3159349532641236
minibatch,40,20000,1024,2,0.20231973798945546,0.3767387139960192,0.5790584519854747,150.3916502446465,4,75,0.09292553799791581,0.30987076997460944
minibatch,40,20000,1024,3,0.1726815040456131,0.37046178098535165,0.5431432850309648,150.4854957218299,3,55,0.09007996134930056,0.3120758627879825
minibatch,40,20000,1024,4,0.17048908001743257,0.36825580697041005,0.5387448869878426,150.52442354075228,3,49,0.08357456511369679,0.30875478896540304
minibatch,40,20000,1024,5,0.20251406397437677,0.37158215802628547,0.5740962220006622,150.7387034987629,4,61,0.09693458340773778,0.3144935351113452
minibatch,40,20000,1024,6,0.17355797498021275,0.36562712502200156,0.5391851000022143,150.33327970898264,3,52,0.11030476706502948,0.31939824700470304
minibatch,40,20000,1024,7,0.2360228780307807,0.37053597799967974,0.6065588560304604,150.0604663833954,5,96,0.09104652009334145,0.3158835045688195
minibatch,40,20000,1024,8,0.14736059796996415,0.37401040899567306,0.5213710069656372,150.26862696300165,3,40,0.09300512337728346,0.3128474138477647
minibatch,40,20000,1024,9,0.16739614499965683,0.3690696519915946,0.5364657969912514,149.77681573374173,3,56,0.09306069212365613,0.3148041662939777
minibatch,40,20000,1024,10,0.262420579965692,0.36887631902936846,0.6312968989950605,150.57476433518627,5,97,0.0867549683198388,0.3106097209342801
minibatch,40,20000,2048,1,0.15255674201762304,0.33662326802732423,0.48918001004494727,150.84519588104462,5,40,0.0910882407056593,0.31683013904614443
minibatch,40,20000,2048,2,0.15113619505427778,0.3729589219437912,0.524095116998069,151.12063605866663,5,40,0.09268860601191237,0.3110671430684019
minibatch,40,20000,2048,3,0.2142773550003767,0.3701295059872791,0.5844068609876558,151.06863282579107,7,67,0.09380273024528935,0.31412820280674975
minibatch,40,20000,2048,4,0.18722304399125278,0.3715680700261146,0.5587911140173674,150.0488559268352,6,49,0.08401301921015954,0.3102787130355674
minibatch,40,20000,2048,5,0.16938122501596808,0.3721843509702012,0.5415655759861693,150.46891461854733,6,50,0.09583023026226503,0.3145639337732829
minibatch,40,20000,2048,6,0.17087280901614577,0.37261954898713157,0.5434923580032773,150.64849508352336,5,48,0.10757573630742003,0.31504713200433265
minibatch,40,20000,2048,7,0.16918310499750078,0.36500121699646115,0.5341843219939619,150.03083910514746,6,49,0.09336810155342176,0.3205277627901412
minibatch,40,20000,2048,8,0.2040898310369812,0.36821754701668397,0.5723073780536652,149.68271572874534,8,70,0.09490962233301467,0.31512246665758487
minibatch,40,20000,2048,9,0.2060285849729553,0.36739608901552856,0.5734246739884838,150.07160620696837,6,54,0.09209895701343457,0.3172054285260495
minibatch,40,20000,2048,10,0.1703447289764881,0.365007009007968,0.5353517379844561,150.4973154467238,6,51,0.090951363856372,0.3203496723567023
kmeans,50,25000,nan,1,0.11925855599110946,0.36137207300635055,0.48063062899746,142.19363696273092,56,-1,0.07626764205918155,0.31401240202635194
kmeans,50,25000,nan,2,0.11690206499770284,0.39000546000897884,0.5069075250066817,141.8895470003365,55,-1,0.079478867946175,0.3138016878785359
kmeans,50,25000,nan,3,0.14864314801525325,0.38601825397927314,0.5346614019945264,142.06786526716238,109,-1,0.07767146474279434,0.31458209850454794
kmeans,50,25000,nan,4,0.15571800799807534,0.38577769097173586,0.5414956989698112,142.2893786038883,95,-1,0.07993299380602081,0.31269062810536474
kmeans,50,25000,nan,5,0.13485122099518776,0.3915566260111518,0.5264078470063396,142.5882598607266,86,-1,0.07648979178448366,0.315366589409538
kmeans,50,25000,nan,6,0.16310344298835844,0.3930364020052366,0.556139844993595,142.5537191754662,133,-1,0.08000083111839382,0.3090885423577381
kmeans,50,25000,nan,7,0.15998836600920185,0.3910991749726236,0.5510875409818254,142.34789622063832,85,-1,0.08244911986365848,0.31773418204064235
kmeans,50,25000,nan,8,0.14910803502425551,0.3927582710166462,0.5418663060409017,142.42843397284284,97,-1,0.08187938752755715,0.3142300136087285
kmeans,50,25000,nan,9,0.15994133602362126,0.38931008998770267,0.5492514260113239,142.2174295911457,128,-1,0.07607877329778984,0.31209455877036646
kmeans,50,25000,nan,10,0.14527236798312515,0.3895249660126865,0.5347973339958116,142.37934328755753,80,-1,0.07477959845528706,0.3105825274519737
minibatch,50,25000,256,1,0.16361140098888427,0.36227440898073837,0.5258858099696226,144.73353392066343,2,186,0.07752598722652784,0.3055688043467796
minibatch,50,25000,256,2,0.17731669399654493,0.3968154899775982,0.5741321839741431,145.76279223564208,3,198,0.08309291035217567,0.31409117276414994
minibatch,50,25000,256,3,0.15623280400177464,0.3910928419791162,0.5473256459808908,144.09617501142668,2,169,0.07928284529522417,0.31506106506710124
minibatch,50,25000,256,4,0.16655556298792362,0.39121008903020993,0.5577656520181336,144.75803733852499,2,194,0.08157248764048665,0.3126556995864959
minibatch,50,25000,256,5,0.16293771599885076,0.3920267029898241,0.5549644189886749,144.58377876764257,2,184,0.08000855232216667,0.31517036502224494
minibatch,50,25000,256,6,0.15121458104113117,0.3890462389681488,0.54026082000928,144.18538752631665,2,157,0.08688496418834485,0.3138848973093077
minibatch,50,25000,256,7,0.18476766400272027,0.39244434400461614,0.5772120080073364,144.65123680307667,3,233,0.07880620000815676,0.31207252017257314
minibatch,50,25000,256,8,0.1717495940392837,0.3894431469962001,0.5611927410354838,144.34313148796767,3,205,0.08337395286247833,0.31170852771416074
minibatch,50,25000,256,9,0.15794343198649585,0.3899028209852986,0.5478462529717945,144.9090558424953,2,172,0.08046190651968402,0.31082470158009345
minibatch,50,25000,256,10,0.16375137900467962,0.3921659810002893,0.5559173600049689,144.96688579729638,2,187,0.07363891983716508,0.30922469847246054
minibatch,50,25000,512,1,0.23110183799872175,0.35899528895970434,0.5900971269584261,145.04382342540032,3,98,0.08187018520189221,0.31058367364235995
minibatch,50,25000,512,2,0.25287910603219643,0.40259486000286415,0.6554739660350606,144.9350585633983,2,78,0.08393870582732574,0.3113164245286293
minibatch,50,25000,512,3,0.288413401984144,0.39094949403079227,0.6793628960149363,144.94551845239218,3,129,0.07630801196311846,0.3126503449545741
minibatch,50,25000,512,4,0.2924501319648698,0.39677879301598296,0.6892289249808528,144.51215421784957,3,134,0.07938192446404026,0.3097373325231166
minibatch,50,25000,512,5,0.2510380700114183,0.4017040600301698,0.6527421300415881,144.19416098508725,2,94,0.07680286826790016,0.3127155866622948
minibatch,50,25000,512,6,0.23827411298407242,0.3979002510313876,0.63617436401546,144.5880006514757,3,101,0.08691567782690304,0.3123150239110083
minibatch,50,25000,512,7,0.3557561380439438,0.3911185339675285,0.7468746720114723,144.25039719258206,4,158,0.0880293913344788,0.3149237597992832
minibatch,50,25000,512,8,0.3475420160102658,0.3917566879536025,0.7392987039638683,144.2764109267131,3,129,0.08380614751772891,0.3148707195528518
minibatch,50,25000,512,9,0.269897808029782,0.39032354298979044,0.6602213510195725,144.8390362517695,3,119,0.07804895506013301,0.3129635777829583
minibatch,50,25000,512,10,0.25556184601737186,0.3913088209810667,0.6468706669984385,144.3146114974166,3,102,0.07763081921243374,0.314035314891463
minibatch,50,25000,1024,1,0.2478143500047736,0.3613256450043991,0.6091399950091727,143.9812853755853,4,95,0.08171423419757802,0.31387866475322895
minibatch,50,25000,1024,2,0.14337735599838197,0.3970890670316294,0.5404664230300114,145.28433252959704,2,42,0.08171763723015812,0.31165137415446664
minibatch,50,25000,1024,3,0.24336083000525832,0.3890687969978899,0.6324296270031482,144.01776370032715,4,95,0.07698537963102114,0.31421503115841337
minibatch,50,25000,1024,4,0.22814257396385074,0.3970929930219427,0.6252355669857934,144.35308103277845,4,82,0.08285521164926034,0.31178145276357416
minibatch,50,25000,1024,5,0.23600878001889214,0.3935359469614923,0.6295447269803844,144.76882358525773,4,80,0.07814408071238517,0.31463645458199263
minibatch,50,25000,1024,6,0.16424564900808036,0.39158622099785134,0.5558318700059317,144.81686525833553,2,43,0.08563105373449895,0.3135608164519354
minibatch,50,25000,1024,7,0.21977298601996154,0.3971746750175953,0.6169476610375568,144.3559265509388,4,86,0.08719267037183198,0.31788542095898364
minibatch,50,25000,1024,8,0.20587990299100056,0.38890719204209745,0.594787095033098,143.88036412916713,3,67,0.0833979827978625,0.3136228491436631
minibatch,50,25000,1024,9,0.19264372100587934,0.39172067400068045,0.5843643950065598,144.2707928049447,3,69,0.07771655786125661,0.3111466734181468
minibatch,50,25000,1024,10,0.219848680018913,0.3884553899988532,0.6083040700177662,145.10277244342447,3,71,0.07681827024835397,0.3083638577186552
minibatch,50,25000,2048,1,0.1740629450068809,0.3576290179626085,0.5316919629694894,144.114246372022,5,51,0.07746644520399054,0.3109776418383671
minibatch,50,25000,2048,2,0.17474358301842585,0.39984759397339076,0.5745911769918166,144.9296053498829,4,48,0.08160842991023232,0.3109699591108158
minibatch,50,25000,2048,3,0.18710715597262606,0.3859771059942432,0.5730842619668692,144.87058689104376,5,58,0.07821695286970265,0.31612248064712917
minibatch,50,25000,2048,4,0.17445778200635687,0.3871655419934541,0.561623323999811,144.04483495841006,5,51,0.08171951053586046,0.3119910738190067
minibatch,50,25000,2048,5,0.1965487630222924,0.3930215409491211,0.5895703039714135,145.40383023067696,5,58,0.07757649204947313,0.3123102969361767
minibatch,50,25000,2048,6,0.21742776304017752,0.39118765998864546,0.608615423028823,144.38742413074627,6,69,0.08610279871279904,0.3119600604046165
minibatch,50,25000,2048,7,0.16546475200448185,0.3899378610076383,0.5554026130121201,145.04847257568386,4,47,0.08502061780782713,0.3142806772940662
minibatch,50,25000,2048,8,0.2043819700484164,0.3890308409463614,0.5934128109947778,143.94981134848834,6,65,0.08215151804412645,0.31234876366782
minibatch,50,25000,2048,9,0.16924621700309217,0.3871407550177537,0.5563869720208459,144.50703283096766,5,50,0.07832023493171852,0.31148983655704954
minibatch,50,25000,2048,10,0.21824332600226626,0.38840126898139715,0.6066445949836634,144.50996207959716,7,77,0.07472702548239374,0.3056378032406492
