k,seed,sample_size,fit_time_s,assignment_time_s,total_time_s,distortion,n_iter,ari_ground_truth,ami_ground_truth
10,1,5000,0.17307233600877225,0.7111033650580794,0.8841757010668516,197.54232820314786,27,0.18268788347720208,0.31174743351801626
10,2,5000,0.1639317178633064,0.6809475750196725,0.8448792928829789,197.5290499332755,27,0.2513830654032278,0.3346159135137473
10,3,5000,0.16300907102413476,0.6931476378813386,0.8561567089054734,196.64701477228536,51,0.2610127425960462,0.3487749631592982
10,4,5000,0.15943426708690822,0.7017264000605792,0.8611606671474874,196.3857867412575,34,0.2477003147544293,0.3394476646137565
10,5,5000,0.157132564811036,0.6880766050890088,0.8452091699000448,197.16861777911097,21,0.2446785962724656,0.3271892362403594
10,6,5000,0.17202951502986252,0.7058583230245858,0.8778878380544484,200.18867672949827,70,0.2657253873895398,0.31210727338365385
10,7,5000,0.15843697194941342,0.6914967009797692,0.8499336729291826,198.18024468916852,26,0.21862423317306712,0.34914405316415126
10,8,5000,0.15801455918699503,0.7079587338957936,0.8659732930827886,199.63110545849258,28,0.2814466031095413,0.3366000925921649
10,9,5000,0.16518021910451353,0.6904033930040896,0.8555836121086031,197.31339199164663,57,0.24641031248205378,0.32016030650256444
10,10,5000,0.16271622688509524,0.6845855540595949,0.8473017809446901,196.4662801050593,39,0.1904617644626858,0.3117657075050206
17,1,8500,0.19486095500178635,0.7086498278658837,0.9035107828676701,175.65887820641214,43,0.17390486903622576,0.3308110451430894
17,2,8500,0.1931072729639709,0.705833476036787,0.8989407490007579,176.24630084262168,39,0.15880198502812384,0.32490866863868884
17,3,8500,0.1998485359363258,0.7088513160124421,0.9086998519487679,176.12319233356052,60,0.16263722981709464,0.32716891814670246
17,4,8500,0.1899975291453302,0.7034922679886222,0.8934897971339524,175.92196132164904,27,0.18408758391880078,0.33635476777806034
17,5,8500,0.20459001301787794,0.7086456369142979,0.9132356499321759,176.13706155751973,81,0.16568061602697157,0.3310101135279074
17,6,8500,0.20406427117995918,0.7025547937955707,0.9066190649755299,175.80066871068243,59,0.17626509028318044,0.3224425797318122
17,7,8500,0.19827938196249306,0.7103170889895409,0.908596470952034,175.59923735212254,52,0.186802981013209,0.332706054868327
17,8,8500,0.21119883004575968,0.7080911570228636,0.9192899870686233,177.0834617439446,108,0.20806759216195386,0.3403793808866587
17,9,8500,0.19985790201462805,0.7096888411324471,0.9095467431470752,175.3288141573028,68,0.16215895004043554,0.3243133754696886
17,10,8500,0.20609049289487302,0.7120571651030332,0.9181476579979062,176.8528110657074,88,0.17154360453281445,0.32228416804896065
20,1,10000,0.2083724900148809,0.7155923768877983,0.9239648669026792,170.77096099943273,33,0.20522406911609367,0.33643815586474385
20,2,10000,0.23208673298358917,0.7236816161312163,0.9557683491148055,170.68043662944234,100,0.14110405443234417,0.3156001724280536
20,3,10000,0.21239168918691576,0.717260381905362,0.9296520710922778,169.42811720283166,45,0.17239929301894563,0.31943788895822745
20,4,10000,0.21699562203139067,0.7198287709616125,0.9368243929930031,170.2685202134852,45,0.14772871556751252,0.3109486984174843
20,5,10000,0.22755095805041492,0.7174917138181627,0.9450426718685776,169.32766266855975,79,0.1419959688151565,0.3174057930391257
20,6,10000,0.21462226496078074,0.7315303860232234,0.9461526509840041,170.0418345579341,54,0.16770820586229757,0.3270034849069986
20,7,10000,0.20879514701664448,0.7256950291339308,0.9344901761505753,169.5977519394808,34,0.1774135608205273,0.3330500239950763
20,8,10000,0.21996942209079862,0.7261827010661364,0.946152123156935,171.07706971551298,78,0.17703661267200171,0.3324661755908595
20,9,10000,0.23286060406826437,0.7131280708126724,0.9459886748809367,169.67952379859992,78,0.17404746990365091,0.3286140887072808
20,10,10000,0.20710416394285858,0.7176345470361412,0.9247387109789997,169.73645264976426,34,0.15648131002263735,0.3261805718516809
