k,seed_a,seed_b,stability_ari
10,1,2,0.6742890690074429
10,1,3,0.5962255675053131
10,1,4,0.723323551757386
10,1,5,0.6261255570087226
10,1,6,0.6060438484979286
10,1,7,0.532474945286874
10,1,8,0.5931174648001964
10,1,9,0.6238519729349457
10,1,10,0.729559071675278
10,2,3,0.7490308815605926
10,2,4,0.7427464951429453
10,2,5,0.7962141064825756
10,2,6,0.6982180308285211
10,2,7,0.6414528903536515
10,2,8,0.6434585648028897
10,2,9,0.7479022284268952
10,2,10,0.6788885191297175
10,3,4,0.7414412460619787
10,3,5,0.7111075226976137
10,3,6,0.6600504957884221
10,3,7,0.619102006780921
10,3,8,0.6670358655769494
10,3,9,0.6801396877995971
10,3,10,0.6304110868788315
10,4,5,0.7114120062268097
10,4,6,0.6735926744133551
10,4,7,0.6236501879002184
10,4,8,0.7383196800459567
10,4,9,0.7026581776518738
10,4,10,0.7420310503074685
10,5,6,0.701228379780803
10,5,7,0.6338777498002142
10,5,8,0.6077288482399982
10,5,9,0.8272070434451483
10,5,10,0.638996109048295
10,6,7,0.5424671513661306
10,6,8,0.6779530734870385
10,6,9,0.7273002679813
10,6,10,0.635480417712683
10,7,8,0.5385114734743452
10,7,9,0.5963523616110822
10,7,10,0.6212818631444941
10,8,9,0.6178987831857399
10,8,10,0.6436904656638118
10,9,10,0.6468384574338749
17,1,2,0.4815468718427456
17,1,3,0.5780480801660602
17,1,4,0.6209681199965451
17,1,5,0.5988657431988375
17,1,6,0.677166963570246
17,1,7,0.571319318972385
17,1,8,0.5687046273819469
17,1,9,0.6145802126560983
17,1,10,0.6145190773339324
17,2,3,0.563885949719992
17,2,4,0.5153708881095802
17,2,5,0.5364918715557357
17,2,6,0.5329986242318199
17,2,7,0.5657374034168925
17,2,8,0.48982813271633685
17,2,9,0.5240636742851726
17,2,10,0.49998687407130343
17,3,4,0.5581982550099893
17,3,5,0.6734850643714361
17,3,6,0.6107436217152336
17,3,7,0.6074568953313235
17,3,8,0.5732246243751054
17,3,9,0.6682722141461396
17,3,10,0.5009453788944983
17,4,5,0.6329901739742207
17,4,6,0.6002652929860011
17,4,7,0.6122853786732355
17,4,8,0.550605356804939
17,4,9,0.6611688751500246
17,4,10,0.5436931097587319
17,5,6,0.5815498504019019
17,5,7,0.5031677988662693
17,5,8,0.5220443871450433
17,5,9,0.7432513720347197
17,5,10,0.5383867013411474
17,6,7,0.5799035090469448
17,6,8,0.5606822611300124
17,6,9,0.5947160804989866
17,6,10,0.6672116273452211
17,7,8,0.6948369290288171
17,7,9,0.5841691200129031
17,7,10,0.545051533236554
17,8,9,0.552678429330109
17,8,10,0.5572950195085581
17,9,10,0.5670614191994339
20,1,2,0.47275572345416983
20,1,3,0.665085979070724
20,1,4,0.49943614226923627
20,1,5,0.5592645409943029
20,1,6,0.6234976086154934
20,1,7,0.6035516285913933
20,1,8,0.698983666453986
20,1,9,0.5998545345417147
20,1,10,0.5440394718946358
20,2,3,0.5820030967017402
20,2,4,0.5498538445206587
20,2,5,0.5026908999292372
20,2,6,0.5668178794281757
20,2,7,0.4835202348317018
20,2,8,0.5043015511224002
20,2,9,0.531691510856103
20,2,10,0.5818459668875313
20,3,4,0.5721178095443689
20,3,5,0.6203272516687501
20,3,6,0.731391247672365
20,3,7,0.5957470332328996
20,3,8,0.7279847257650559
20,3,9,0.6068147328356228
20,3,10,0.6156714306469903
20,4,5,0.5840775225327506
20,4,6,0.5138924416958163
20,4,7,0.5221274505770238
20,4,8,0.5161256181899733
20,4,9,0.5322349112942899
20,4,10,0.681064167207945
20,5,6,0.5916956315950808
20,5,7,0.6632497778027782
20,5,8,0.6020348841770897
20,5,9,0.6137493171494185
20,5,10,0.6373687991851129
20,6,7,0.5890656966101586
20,6,8,0.6670315350205226
20,6,9,0.5618161559335972
20,6,10,0.5605781937518051
20,7,8,0.6040775945459538
20,7,9,0.7671815867690284
20,7,10,0.5724958443815593
20,8,9,0.6524476327615557
20,8,10,0.5550244164042151
20,9,10,0.5475879559765099
