k,sample_size,source_experiment,roles
10,500,initial_sample_size_sweep,sample_size_sweep
10,1000,initial_sample_size_sweep,sample_size_sweep
10,2000,initial_sample_size_sweep,sample_size_sweep
10,5000,initial_sample_size_sweep,sample_size_sweep;tee_baseline;policy_300k
10,10000,initial_sample_size_sweep,sample_size_sweep
10,20000,initial_sample_size_sweep,sample_size_sweep
17,500,initial_sample_size_sweep,sample_size_sweep
17,1000,initial_sample_size_sweep,sample_size_sweep
17,2000,initial_sample_size_sweep,sample_size_sweep
17,5000,initial_sample_size_sweep,sample_size_sweep
17,5100,policy300_k17,policy_300k_validation;policy_300k
17,8500,k17_tee_baseline,tee_baseline
17,10000,initial_sample_size_sweep,sample_size_sweep
17,20000,initial_sample_size_sweep,sample_size_sweep
20,500,initial_sample_size_sweep,sample_size_sweep
20,1000,initial_sample_size_sweep,sample_size_sweep
20,2000,initial_sample_size_sweep,sample_size_sweep
20,5000,initial_sample_size_sweep,sample_size_sweep
20,6000,policy300_k20,policy_300k_validation;policy_300k
20,10000,initial_sample_size_sweep,sample_size_sweep;tee_baseline
20,20000,initial_sample_size_sweep,sample_size_sweep
30,2000,extended_k30,sample_size_sweep
30,5000,extended_k30,sample_size_sweep
30,7500,refinement_k30,sample_size_refinement
30,9000,policy300_k30,policy_300k_validation;policy_300k
30,10000,extended_k30,sample_size_sweep
30,15000,extended_k30,sample_size_sweep;tee_baseline
40,2000,extended_k40,sample_size_sweep
40,5000,extended_k40,sample_size_sweep
40,10000,extended_k40,sample_size_sweep
40,12000,policy300_k40,policy_300k_validation;policy_300k
40,12500,refinement_k40,sample_size_refinement
40,15000,refinement_k40,sample_size_refinement
40,17500,refinement_k40,sample_size_refinement
40,20000,extended_k40,sample_size_sweep;tee_baseline
50,2000,extended_k50,sample_size_sweep
50,5000,extended_k50,sample_size_sweep
50,10000,extended_k50,sample_size_sweep
50,15000,refinement_k50,sample_size_refinement;policy_300k
50,20000,refinement_k50,sample_size_refinement
50,25000,extended_k50,sample_size_sweep;tee_baseline
