k,sample_size,seed,fit_time_s,assignment_time_s,total_time_s,distortion,n_iter,ari_ground_truth,ami_ground_truth,source_experiment,experiment_group
10,500,1,0.0255115530453622,0.417833318002522,0.4433448710478842,204.0234532459537,27,0.2450516447441696,0.3129708362422156,initial_sample_size_sweep,sample_size_sweep
10,500,2,0.0246183910639956,0.3822841149521991,0.4069025060161948,206.09078404183091,8,0.2588480957916625,0.320554068912587,initial_sample_size_sweep,sample_size_sweep
10,500,3,0.0181113770231604,0.3723822999745607,0.3904936769977212,204.7217820486382,18,0.145501617520634,0.3015396435535734,initial_sample_size_sweep,sample_size_sweep
10,500,4,0.0235590259544551,0.3878356820205226,0.4113947079749778,201.49389261138967,15,0.1809679468840464,0.3187964779667162,initial_sample_size_sweep,sample_size_sweep
10,500,5,0.0247347259428352,0.4179927940713241,0.4427275200141594,205.22399564999816,10,0.241644899929869,0.3461168308749314,initial_sample_size_sweep,sample_size_sweep
10,500,6,0.0202373060164973,0.442848453996703,0.4630857600132003,202.796001699963,25,0.1934197766065177,0.3365671128684903,initial_sample_size_sweep,sample_size_sweep
10,500,7,0.0249675790546461,0.4170855099800974,0.4420530890347436,205.1095137841786,14,0.2140558591881555,0.3230637332518312,initial_sample_size_sweep,sample_size_sweep
10,500,8,0.0247054519131779,0.4025630380492657,0.4272684899624437,206.24871373389183,13,0.2279626307938802,0.325631537828916,initial_sample_size_sweep,sample_size_sweep
10,500,9,0.0250277009326964,0.4224320059875026,0.4474597069201991,204.5055910581877,15,0.2045663965449559,0.3135119773516149,initial_sample_size_sweep,sample_size_sweep
10,500,10,0.0204179099528118,0.3911369349807501,0.411554844933562,204.21180916459596,13,0.216427031877048,0.3212034928849362,initial_sample_size_sweep,sample_size_sweep
10,1000,1,0.0262898519868031,0.3998865269823,0.4261763789691031,202.41441751455943,11,0.2555721708633158,0.31358369758293,initial_sample_size_sweep,sample_size_sweep
10,1000,2,0.0225437689805403,0.392849990981631,0.4153937599621713,201.03951435848057,15,0.2346964684602084,0.3359477722689229,initial_sample_size_sweep,sample_size_sweep
10,1000,3,0.0268005350371822,0.373110129032284,0.3999106640694663,200.7583449578522,15,0.2117663682239628,0.3294691118729302,initial_sample_size_sweep,sample_size_sweep
10,1000,4,0.0250086720334365,0.4194977950537577,0.4445064670871943,198.5850292679145,13,0.2559932488429831,0.3178587390391832,initial_sample_size_sweep,sample_size_sweep
10,1000,5,0.0075583760626614,0.4033850849373266,0.410943460999988,200.82433534315365,28,0.2312274963039633,0.3348389563519396,initial_sample_size_sweep,sample_size_sweep
10,1000,6,0.0272536110132932,0.4460454080253839,0.4732990190386772,199.93756057763787,24,0.1631667787895418,0.322213106044511,initial_sample_size_sweep,sample_size_sweep
10,1000,7,0.0267165680415928,0.439138678018935,0.4658552460605278,201.44804989853444,17,0.2770017915713775,0.3454572959576115,initial_sample_size_sweep,sample_size_sweep
10,1000,8,0.0271505449200049,0.4265115270391106,0.4536620719591155,199.0916808523496,22,0.2540915330056614,0.3472673172882222,initial_sample_size_sweep,sample_size_sweep
10,1000,9,0.026379638002254,0.4285427120048553,0.4549223500071093,201.1335180706039,12,0.229120125071273,0.3005652444676549,initial_sample_size_sweep,sample_size_sweep
10,1000,10,0.0273027459625154,0.446917237015441,0.4742199829779565,201.38683468347435,23,0.2742100845003682,0.3291447218830946,initial_sample_size_sweep,sample_size_sweep
10,2000,1,0.0339352790033444,0.3765603969804942,0.4104956759838387,198.38738430028533,33,0.2430011852329712,0.319393410033916,initial_sample_size_sweep,sample_size_sweep
10,2000,2,0.0328034149715676,0.4080255459994077,0.4408289609709754,199.39151398656907,27,0.1972234885624803,0.338384710750732,initial_sample_size_sweep,sample_size_sweep
10,2000,3,0.0370083429152146,0.4097536130575463,0.4467619559727609,199.8211886230137,34,0.2479399121509936,0.3322187478801966,initial_sample_size_sweep,sample_size_sweep
10,2000,4,0.0322299170074984,0.4136270879535004,0.4458570049609989,198.15796513835008,32,0.2633189221474982,0.3240525619422367,initial_sample_size_sweep,sample_size_sweep
10,2000,5,0.0365601340308785,0.4881552780279889,0.5247154120588675,198.1050958481389,23,0.2214884146214109,0.3384793177649507,initial_sample_size_sweep,sample_size_sweep
10,2000,6,0.026832053088583,0.3944571389583871,0.4212891920469701,199.58169817685695,19,0.2303855843316286,0.3188137992783138,initial_sample_size_sweep,sample_size_sweep
10,2000,7,0.0354430220322683,0.3995890899095684,0.4350321119418368,197.89606916630305,33,0.2536567831137114,0.321929369170104,initial_sample_size_sweep,sample_size_sweep
10,2000,8,0.0306278199423104,0.3966877571074292,0.4273155770497396,200.4756794423578,17,0.2658041603546257,0.36335060593757,initial_sample_size_sweep,sample_size_sweep
10,2000,9,0.0312373340129852,0.3737054939847439,0.4049428279977292,199.72418563370127,19,0.1638897998640401,0.3070025022189069,initial_sample_size_sweep,sample_size_sweep
10,2000,10,0.0364575680578127,0.4175404049456119,0.4539979730034247,200.17768375569972,32,0.1936775403196916,0.3195264984543841,initial_sample_size_sweep,sample_size_sweep
10,5000,1,0.0649253650335595,0.3983869279036298,0.4633122929371893,197.54232821448187,27,0.182687883477202,0.3117474335180162,initial_sample_size_sweep,sample_size_sweep
10,5000,2,0.0591194530716165,0.4232561669778079,0.4823756200494244,197.52904994623276,27,0.2513830654032278,0.3346159135137473,initial_sample_size_sweep,sample_size_sweep
10,5000,3,0.0757086439989507,0.4175746529363096,0.4932832969352603,196.6470148415288,51,0.2610127425960462,0.3487749631592982,initial_sample_size_sweep,sample_size_sweep
10,5000,4,0.0744595429860055,0.3995797539828345,0.47403929696884,196.3857867674789,34,0.2477003147544293,0.3394476646137565,initial_sample_size_sweep,sample_size_sweep
10,5000,5,0.0553162540309131,0.4314564749365672,0.4867727289674803,197.1686178597748,21,0.2446785962724656,0.3271892362403594,initial_sample_size_sweep,sample_size_sweep
10,5000,6,0.0657104729907587,0.4262837520800531,0.4919942250708118,200.1886766694604,70,0.2657253873895398,0.3121072733836538,initial_sample_size_sweep,sample_size_sweep
10,5000,7,0.049744357005693,0.4138429430313408,0.4635873000370338,198.18024468236507,26,0.2186242331730671,0.3491440531641512,initial_sample_size_sweep,sample_size_sweep
10,5000,8,0.0530607890104875,0.4200549189699814,0.4731157079804688,199.63110543356208,28,0.2814466031095413,0.3366000925921649,initial_sample_size_sweep,sample_size_sweep
10,5000,9,0.0639699479797855,0.4242364220554009,0.4882063700351864,197.3133919394993,57,0.2464103124820537,0.3201603065025644,initial_sample_size_sweep,sample_size_sweep
10,5000,10,0.0521621680818498,0.390112668974325,0.4422748370561749,196.46628008754683,39,0.1904617644626858,0.3117657075050206,initial_sample_size_sweep,sample_size_sweep
10,10000,1,0.1640226650051772,0.3439459549263119,0.5079686199314892,199.03519734696664,35,0.2712382103584205,0.3348906214866485,initial_sample_size_sweep,sample_size_sweep
10,10000,2,0.1381723340600729,0.3473278250312432,0.4855001590913161,196.0452891337858,35,0.2605625001814648,0.3456862535394114,initial_sample_size_sweep,sample_size_sweep
10,10000,3,0.1497549709165468,0.3719407630851492,0.5216957340016961,196.7360800427512,53,0.2515519386778563,0.3124181650323049,initial_sample_size_sweep,sample_size_sweep
10,10000,4,0.1547663389937952,0.4184273799182847,0.5731937189120799,197.48758061634632,63,0.1886562118105734,0.3203763538833662,initial_sample_size_sweep,sample_size_sweep
10,10000,5,0.1502371509559452,0.4802798050222918,0.6305169559782371,196.88857813882453,57,0.192030704753483,0.3170340152015778,initial_sample_size_sweep,sample_size_sweep
10,10000,6,0.1358223950956016,0.4710455929161981,0.6068679880117998,197.20006976448,33,0.2520846735324025,0.3166128077086058,initial_sample_size_sweep,sample_size_sweep
10,10000,7,0.1307569160126149,0.3878223899519071,0.5185793059645221,196.56196952520867,24,0.2578849506889938,0.3610259368314363,initial_sample_size_sweep,sample_size_sweep
10,10000,8,0.1400151829002425,0.3762846800964325,0.5162998629966751,195.87720614140608,39,0.2020790065887505,0.346227149265215,initial_sample_size_sweep,sample_size_sweep
10,10000,9,0.1383182440185919,0.3743159099249169,0.5126341539435089,196.1466561837043,39,0.2487896404873024,0.3408381497524714,initial_sample_size_sweep,sample_size_sweep
10,10000,10,0.1369202369824051,0.3708922360092401,0.5078124729916453,196.72496930064145,33,0.2557209143072348,0.3485958929253451,initial_sample_size_sweep,sample_size_sweep
10,20000,1,0.1735207230085507,0.3451816349988803,0.518702358007431,196.97203170850156,28,0.2405745096116563,0.3143463304542713,initial_sample_size_sweep,sample_size_sweep
10,20000,2,0.1913106399588287,0.3503578810486942,0.5416685210075229,196.6452390877378,49,0.1908774061653355,0.3191305219933902,initial_sample_size_sweep,sample_size_sweep
10,20000,3,0.2645851670531556,0.3493823159951716,0.6139674830483273,196.9883441895982,149,0.241467028399122,0.3146697990293935,initial_sample_size_sweep,sample_size_sweep
10,20000,4,0.1972178959986195,0.3691711149876937,0.5663890109863132,196.2755532772232,59,0.2595701313944303,0.3482035186047736,initial_sample_size_sweep,sample_size_sweep
10,20000,5,0.1854844390181824,0.3829900289420038,0.5684744679601863,196.38112173913183,42,0.1883558809037158,0.3144257050182116,initial_sample_size_sweep,sample_size_sweep
10,20000,6,0.2182414809940382,0.3755035230424255,0.5937450040364638,197.08054716813868,32,0.2428818125754598,0.3375788167118375,initial_sample_size_sweep,sample_size_sweep
10,20000,7,0.1962625590385869,0.379858607891947,0.576121166930534,196.076403304392,56,0.2023528831609127,0.3491319191204471,initial_sample_size_sweep,sample_size_sweep
10,20000,8,0.1815532760228961,0.3817636530147865,0.5633169290376827,196.12845037089457,34,0.2599665476727188,0.3499503023705342,initial_sample_size_sweep,sample_size_sweep
10,20000,9,0.1834805649705231,0.3785656500840559,0.5620462150545791,196.1003065537721,41,0.1916760711728742,0.3146557422704694,initial_sample_size_sweep,sample_size_sweep
10,20000,10,0.254361554980278,0.3763380469754338,0.6306996019557118,196.27374057653475,92,0.2597706325216501,0.3470341587145922,initial_sample_size_sweep,sample_size_sweep
17,500,1,0.0203618089435622,0.3789202100597322,0.3992820190032944,185.2850588687666,8,0.1729477307755901,0.3242395795199847,initial_sample_size_sweep,sample_size_sweep
17,500,2,0.0256242069881409,0.4046214129775762,0.4302456199657172,188.68744218120787,8,0.2106298807302688,0.3212941255445252,initial_sample_size_sweep,sample_size_sweep
17,500,3,0.023205935023725,0.4111213249852881,0.4343272600090131,187.2474686071042,9,0.154792781523574,0.334340595165141,initial_sample_size_sweep,sample_size_sweep
17,500,4,0.0230993839213624,0.5008434610208496,0.5239428449422121,186.5846318504645,12,0.173450394872292,0.3245608202043504,initial_sample_size_sweep,sample_size_sweep
17,500,5,0.0227150620194152,0.571754785021767,0.5944698470411822,187.30810997120392,9,0.1718515451449497,0.3115175274306705,initial_sample_size_sweep,sample_size_sweep
17,500,6,0.0261670079780742,2.1236961679533124,2.149863175931386,187.36803862651885,14,0.1532692592828392,0.3104317796759897,initial_sample_size_sweep,sample_size_sweep
17,500,7,0.0113723289687186,0.3816267879446968,0.3929991169134155,184.08733977458712,13,0.1751497525744815,0.3407258648602593,initial_sample_size_sweep,sample_size_sweep
17,500,8,0.0313974769087508,0.4041464750189334,0.4355439519276842,185.5975219593721,8,0.1736722317642591,0.3254085029243167,initial_sample_size_sweep,sample_size_sweep
17,500,9,0.0207885660929605,0.455960253952071,0.4767488200450316,185.5961890120792,8,0.1797183071921203,0.3170825083460236,initial_sample_size_sweep,sample_size_sweep
17,500,10,0.0259551380295306,0.4226289680227637,0.4485841060522944,184.08173897715324,7,0.2148259576172603,0.344918298819505,initial_sample_size_sweep,sample_size_sweep
17,1000,1,0.0279128940310329,0.4104243669426068,0.4383372609736398,180.384998186844,15,0.1497081668392255,0.3067094789219582,initial_sample_size_sweep,sample_size_sweep
17,1000,2,0.0225698029389604,0.3990872210124507,0.4216570239514112,181.77463080085064,15,0.1628396071786428,0.3067821627332538,initial_sample_size_sweep,sample_size_sweep
17,1000,3,0.0264219859382137,0.3868992560310289,0.4133212419692427,182.60394827761004,14,0.1548009754290059,0.3232946543242903,initial_sample_size_sweep,sample_size_sweep
17,1000,4,0.0279332540230825,0.3928839480504393,0.4208172020735219,180.5892623828436,18,0.1909401218175308,0.3274756574460273,initial_sample_size_sweep,sample_size_sweep
17,1000,5,0.0273247529985383,0.405783690046519,0.4331084430450573,182.7315153600676,13,0.1679625256561114,0.3197183697115108,initial_sample_size_sweep,sample_size_sweep
17,1000,6,0.0278289070120081,0.4283140440238639,0.4561429510358721,181.20965415009115,16,0.1666929482677085,0.3125478840973137,initial_sample_size_sweep,sample_size_sweep
17,1000,7,0.0280118439113721,0.4127539340406656,0.4407657779520377,179.8190347727672,19,0.210193684515615,0.3363770992604994,initial_sample_size_sweep,sample_size_sweep
17,1000,8,0.0069658269640058,0.3867412169929594,0.3937070439569652,183.12366064146727,16,0.1752925513358294,0.3419825120699854,initial_sample_size_sweep,sample_size_sweep
17,1000,9,0.0284597110003232,0.4308577049523592,0.4593174159526825,182.9981227947264,17,0.1806854461745569,0.3026126471616833,initial_sample_size_sweep,sample_size_sweep
17,1000,10,0.0235368279973045,0.4238462190842256,0.4473830470815301,180.7403153060993,16,0.1494226760588462,0.3046562757765223,initial_sample_size_sweep,sample_size_sweep
17,2000,1,0.0404439369449391,0.3961860890267417,0.4366300259716809,177.4662858512524,18,0.1837011002238134,0.3171384856755584,initial_sample_size_sweep,sample_size_sweep
17,2000,2,0.0345908449962735,0.3991193100810051,0.4337101550772786,178.6744908045554,21,0.1624301015016324,0.3210022092814664,initial_sample_size_sweep,sample_size_sweep
17,2000,3,0.040550809004344,0.4201652969932183,0.4607161059975624,178.69825755113862,21,0.1532106538140938,0.3092998207489441,initial_sample_size_sweep,sample_size_sweep
17,2000,4,0.0357509920140728,0.5065619529923424,0.5423129450064152,178.44492791259808,20,0.1452201513043766,0.3026997362401388,initial_sample_size_sweep,sample_size_sweep
17,2000,5,0.036541117937304,0.5395468469941989,0.5760879649315029,177.39222085424697,25,0.1818221118825299,0.3392908692187613,initial_sample_size_sweep,sample_size_sweep
17,2000,6,0.0392809469485655,0.3697285980451852,0.4090095449937507,179.89599717298188,36,0.1430957935470441,0.2959564955721024,initial_sample_size_sweep,sample_size_sweep
17,2000,7,0.035936753032729,0.3893396529601887,0.4252764059929177,180.47770285566267,25,0.1477329892519268,0.3242621307352568,initial_sample_size_sweep,sample_size_sweep
17,2000,8,0.0362826469354331,0.3986111209960654,0.4348937679314986,178.9796223351936,37,0.1536191343354551,0.3274344164037053,initial_sample_size_sweep,sample_size_sweep
17,2000,9,0.0421977629885077,0.4285218700533733,0.470719633041881,178.2314516992787,33,0.1649574499402373,0.3104500466301667,initial_sample_size_sweep,sample_size_sweep
17,2000,10,0.0353150659939274,0.4563863549847156,0.491701420978643,179.68390753774835,27,0.1596270402499616,0.3231203453506404,initial_sample_size_sweep,sample_size_sweep
17,5000,1,0.0703225240577012,0.3949416039977222,0.4652641280554235,176.25497124305406,41,0.1634908542948061,0.326120575553477,initial_sample_size_sweep,sample_size_sweep
17,5000,2,0.0676926019368693,0.3956999729853123,0.4633925749221816,176.54230427830328,52,0.2207534967395534,0.3427073197452039,initial_sample_size_sweep,sample_size_sweep
17,5000,3,0.0720266649732366,0.4061626049224287,0.4781892698956653,177.0249083850703,56,0.1866820351280644,0.3296985291817954,initial_sample_size_sweep,sample_size_sweep
17,5000,4,0.06809360999614,0.3995736979413777,0.4676673079375177,177.12251344003153,49,0.1517343426885571,0.3258972521201475,initial_sample_size_sweep,sample_size_sweep
17,5000,5,0.0625116570154205,0.52898823202122,0.5914998890366405,176.80345673382683,35,0.1676007378362031,0.3168681778892598,initial_sample_size_sweep,sample_size_sweep
17,5000,6,0.0652824129210785,0.5155319659970701,0.5808143789181486,178.55827785505042,43,0.2036226194208008,0.3174733941140125,initial_sample_size_sweep,sample_size_sweep
17,5000,7,0.0667182970792055,0.3961930879158899,0.4629113849950954,176.13462349742684,30,0.149319286205323,0.3207488671607647,initial_sample_size_sweep,sample_size_sweep
17,5000,8,0.064852962968871,0.4025421719998121,0.4673951349686831,176.17495102592093,38,0.165669511265227,0.31418358890416,initial_sample_size_sweep,sample_size_sweep
17,5000,9,0.0460726640885695,0.4243592289276421,0.4704318930162117,176.5356021577968,31,0.1614866893893601,0.3184433570407651,initial_sample_size_sweep,sample_size_sweep
17,5000,10,0.0627468769671395,0.4093109370442107,0.4720578140113503,178.19023321814123,39,0.1492612690991149,0.3193317525692783,initial_sample_size_sweep,sample_size_sweep
17,5100,1,0.0667787049897015,0.4117675389861688,0.4785462439758703,176.22602976059227,60,0.1839446449079128,0.3183504860244341,policy300_k17,policy_300k_validation
17,5100,2,0.074139259988442,0.3985473489155993,0.4726866089040413,175.76740380710362,88,0.1731475875168834,0.3275062860694776,policy300_k17,policy_300k_validation
17,5100,3,0.0805579359875992,0.4246641229838133,0.5052220589714125,176.86934257129164,52,0.2098712142700175,0.3394606471219938,policy300_k17,policy_300k_validation
17,5100,4,0.0647088339319452,0.4314391190418973,0.4961479529738426,176.00638452115405,53,0.163136576409466,0.3176287888798212,policy300_k17,policy_300k_validation
17,5100,5,0.0825898019829765,0.4236011949833482,0.5061909969663247,177.14216288384492,34,0.154022431049334,0.320279190595085,policy300_k17,policy_300k_validation
17,5100,6,0.0793874949449673,0.4072461560135707,0.486633650958538,176.88508394891286,36,0.1684460319834669,0.3295912262168812,policy300_k17,policy_300k_validation
17,5100,7,0.0943712559528648,0.403402068070136,0.4977733240230009,176.4070748033873,52,0.1729063881058874,0.3207175477685194,policy300_k17,policy_300k_validation
17,5100,8,0.0860685380175709,0.4047625979874283,0.4908311360049993,177.00681035367552,27,0.1892642034663986,0.3388271917283378,policy300_k17,policy_300k_validation
17,5100,9,0.0759604870108887,0.3976907019969076,0.4736511890077963,176.48639964209943,39,0.1690059475657057,0.3275969928391775,policy300_k17,policy_300k_validation
17,5100,10,0.073755259043537,0.4041897099232301,0.4779449689667672,176.20715717310452,26,0.1877536385927793,0.3338810776376544,policy300_k17,policy_300k_validation
17,8500,1,0.1554075559834018,0.3888154580490663,0.5442230140324682,175.6588781724869,43,0.1739048690362257,0.3308110451430894,k17_tee_baseline,tee_baseline
17,8500,2,0.1504675759933889,0.3797933890018612,0.5302609649952501,176.24630089817012,39,0.1588019850281238,0.3249086686386888,k17_tee_baseline,tee_baseline
17,8500,3,0.1691535580903291,0.3827418629080057,0.5518954209983349,176.12319237118672,60,0.1626372298170946,0.3271689181467024,k17_tee_baseline,tee_baseline
17,8500,4,0.1440034600673243,0.3863042159937322,0.5303076760610566,175.92196125617508,27,0.1840875839188007,0.3363547677780603,k17_tee_baseline,tee_baseline
17,8500,5,0.1811722751008346,0.3759099489543587,0.5570822240551934,176.13706147481076,81,0.1656806160269715,0.3310101135279074,k17_tee_baseline,tee_baseline
17,8500,6,0.1627900530584156,0.3799420839641243,0.54273213702254,175.80066871713458,59,0.1762650902831804,0.3224425797318122,k17_tee_baseline,tee_baseline
17,8500,7,0.1665668709902092,0.3786682559875771,0.5452351269777864,175.59923731980334,52,0.186802981013209,0.332706054868327,k17_tee_baseline,tee_baseline
17,8500,8,0.2357624679571017,0.3817993750562891,0.6175618430133909,177.0834617598205,108,0.2080675921619538,0.3403793808866587,k17_tee_baseline,tee_baseline
17,8500,9,0.2300185109488666,0.3827779970597476,0.6127965080086142,175.32881410940618,68,0.1621589500404355,0.3243133754696886,k17_tee_baseline,tee_baseline
17,8500,10,0.2044008750235662,0.3863243769155815,0.5907252519391477,176.85281111874963,88,0.1715436045328144,0.3222841680489606,k17_tee_baseline,tee_baseline
17,10000,1,0.1277994260890409,0.3826556939166039,0.5104551200056449,176.30952453881764,32,0.201851350949793,0.3268897291141286,initial_sample_size_sweep,sample_size_sweep
17,10000,2,0.1535945059731602,0.3842292570043355,0.5378237629774958,176.86137365993426,78,0.1502579276222598,0.3127430639929039,initial_sample_size_sweep,sample_size_sweep
17,10000,3,0.1381387759465724,0.3863920440198853,0.5245308199664578,175.03778007394988,52,0.1728170537660504,0.322293795632779,initial_sample_size_sweep,sample_size_sweep
17,10000,4,0.187101655988954,0.3835509599884972,0.5706526159774512,176.09110107868284,40,0.1638831285925051,0.3172525754246427,initial_sample_size_sweep,sample_size_sweep
17,10000,5,0.1718406790168956,0.395118071930483,0.5669587509473786,175.5619034509607,29,0.1700682518563722,0.3235551853506321,initial_sample_size_sweep,sample_size_sweep
17,10000,6,0.1853671009885147,0.3867412480758503,0.572108349064365,175.42630827721806,54,0.175438637393677,0.3269752273542999,initial_sample_size_sweep,sample_size_sweep
17,10000,7,0.1949226190336048,0.3844506799941882,0.5793732990277931,177.05629103625398,94,0.2101481261495501,0.3383466121436947,initial_sample_size_sweep,sample_size_sweep
17,10000,8,0.1938417819328606,0.3822452099993825,0.5760869919322431,175.4921119694523,89,0.1857421389899333,0.3378499894870399,initial_sample_size_sweep,sample_size_sweep
17,10000,9,0.2100221080472692,0.3881342229433357,0.5981563309906051,176.3550031769874,35,0.1997813540481249,0.3326201326097541,initial_sample_size_sweep,sample_size_sweep
17,10000,10,0.1828138539567589,0.3818800010485574,0.5646938550053164,177.2119662417071,71,0.1475134709947895,0.313882736961779,initial_sample_size_sweep,sample_size_sweep
17,20000,1,0.2582857379456982,0.3576249680481851,0.6159107059938833,175.41012421553947,76,0.1781568455417529,0.3349633176314482,initial_sample_size_sweep,sample_size_sweep
17,20000,2,0.2731558720115572,0.3680112400325015,0.6411671120440587,174.96012696765544,46,0.159987754990575,0.3137839948414644,initial_sample_size_sweep,sample_size_sweep
17,20000,3,0.2385531790787354,0.4431506139226258,0.6817037930013612,175.20342767328353,51,0.1777280222432867,0.3303660714752228,initial_sample_size_sweep,sample_size_sweep
17,20000,4,0.2821509169880301,0.4174577969824895,0.6996087139705196,175.00546615107623,112,0.168346414697775,0.3138261863525244,initial_sample_size_sweep,sample_size_sweep
17,20000,5,0.2849588489625603,0.4877841920824721,0.7727430410450324,176.4013046876042,47,0.1533610834720633,0.3272647441345285,initial_sample_size_sweep,sample_size_sweep
17,20000,6,0.3313476149924099,1.2174937699455768,1.5488413849379867,175.5139583679777,84,0.1570877562950602,0.3271595359346522,initial_sample_size_sweep,sample_size_sweep
17,20000,7,0.3269276140490547,0.4123749650316313,0.739302579080686,175.33183425757582,74,0.1509673024303101,0.3199936670387006,initial_sample_size_sweep,sample_size_sweep
17,20000,8,0.3829249560367316,0.3841472869971767,0.7670722430339083,175.00964792528836,59,0.1718460133807448,0.3254875807236348,initial_sample_size_sweep,sample_size_sweep
17,20000,9,0.2780838860198855,0.3910991749726236,0.6691830609925091,175.6655071933636,80,0.1836033715626638,0.3302800873491665,initial_sample_size_sweep,sample_size_sweep
17,20000,10,0.2248812869656831,0.3901027360698208,0.6149840230355039,174.9212838342906,34,0.1690164947879753,0.3206186775592702,initial_sample_size_sweep,sample_size_sweep
20,500,1,0.0316090279957279,0.3790915480349213,0.4107005760306492,183.05263908035224,11,0.1630910283438059,0.3230894611668017,initial_sample_size_sweep,sample_size_sweep
20,500,2,0.0222811819985508,0.3993950259173289,0.4216762079158798,183.67132994221652,15,0.1714651809846354,0.3157681937525546,initial_sample_size_sweep,sample_size_sweep
20,500,3,0.0262315350119024,0.4076212529325858,0.4338527879444882,182.2482464372852,12,0.1319885439766397,0.3193475913563915,initial_sample_size_sweep,sample_size_sweep
20,500,4,0.0267073749564588,0.4338642950169742,0.460571669973433,180.3472860257577,19,0.1548894405344178,0.3267786448199916,initial_sample_size_sweep,sample_size_sweep
20,500,5,0.0206387949874624,0.5015140529721975,0.52215284795966,181.05132537148376,10,0.1483444909083338,0.3133413948732733,initial_sample_size_sweep,sample_size_sweep
20,500,6,0.0252335730474442,0.5347826540237293,0.5600162270711735,183.52582305138665,7,0.1413027039693106,0.3100594429274267,initial_sample_size_sweep,sample_size_sweep
20,500,7,0.0263955720001831,0.3906101089669391,0.4170056809671223,181.1957985570379,11,0.1651064108306939,0.3281093631894582,initial_sample_size_sweep,sample_size_sweep
20,500,8,0.025831026956439,0.4102806070586666,0.4361116340151056,181.8952818703265,7,0.1492531633105717,0.3137639642000452,initial_sample_size_sweep,sample_size_sweep
20,500,9,0.0261841819155961,0.4135108980117365,0.4396950799273327,181.48363744687333,9,0.1661053451569564,0.317444724288397,initial_sample_size_sweep,sample_size_sweep
20,500,10,0.0193240230437368,0.4133383869193494,0.4326624099630862,179.18346814449316,11,0.1848407886406692,0.341142332129367,initial_sample_size_sweep,sample_size_sweep
20,1000,1,0.024429123965092,0.3986900929594412,0.4231192169245332,173.13246545455962,28,0.1499404655451111,0.3209052049918207,initial_sample_size_sweep,sample_size_sweep
20,1000,2,0.0225234379759058,0.4057114460738376,0.4282348840497434,176.19989732030805,12,0.1652090927595484,0.3172183309362987,initial_sample_size_sweep,sample_size_sweep
20,1000,3,0.0267831090604886,0.4222084489883855,0.4489915580488741,177.66609168836,13,0.1499853486149976,0.3262320698331821,initial_sample_size_sweep,sample_size_sweep
20,1000,4,0.0283220389392226,0.4095798559719696,0.4379018949111923,175.4021935310699,20,0.1593724302184965,0.321181032182548,initial_sample_size_sweep,sample_size_sweep
20,1000,5,0.028336351038888,0.3845704030245542,0.4129067540634423,177.73666612309785,19,0.143672269198784,0.3074451428664738,initial_sample_size_sweep,sample_size_sweep
20,1000,6,0.0280039369827136,0.4150705409701913,0.443074477952905,176.16083807607333,15,0.1351803512416049,0.300010303754307,initial_sample_size_sweep,sample_size_sweep
20,1000,7,0.0332165620056912,0.386963376076892,0.4201799380825832,173.82207646095168,14,0.1772680874937156,0.3282683032698077,initial_sample_size_sweep,sample_size_sweep
20,1000,8,0.0241010480094701,0.4214422389632091,0.4455432869726792,178.0761898774395,19,0.1668992037944889,0.3321549120438299,initial_sample_size_sweep,sample_size_sweep
20,1000,9,0.0283454250311478,0.4074301809305325,0.4357756059616804,176.24858572485488,21,0.1453456736301626,0.3145992827443057,initial_sample_size_sweep,sample_size_sweep
20,1000,10,0.022955994005315,0.4279972260119393,0.4509532200172543,177.01729564848958,21,0.1439448614436345,0.3002183523352555,initial_sample_size_sweep,sample_size_sweep
20,2000,1,0.0407678679330274,0.3937625010730698,0.4345303690060973,171.98006013328924,31,0.1680243537328316,0.3137559891554622,initial_sample_size_sweep,sample_size_sweep
20,2000,2,0.0433627150487154,0.3827821769518778,0.4261448920005932,172.2430421351502,34,0.1427589441131206,0.3207724638365352,initial_sample_size_sweep,sample_size_sweep
20,2000,3,0.0370438960380852,0.4031453939387575,0.4401892899768427,170.65488992647377,21,0.1588429989582132,0.3261029763592975,initial_sample_size_sweep,sample_size_sweep
20,2000,4,0.0365473530255258,0.4406082039931789,0.4771555570187047,172.69228572399453,36,0.1387820306537688,0.3140847413332063,initial_sample_size_sweep,sample_size_sweep
20,2000,5,0.0383233228931203,0.3820571800461039,0.4203805029392242,171.8849972727881,30,0.1550763753708525,0.3315650841550769,initial_sample_size_sweep,sample_size_sweep
20,2000,6,0.0423023490002378,0.4349955939687788,0.4772979429690167,173.39643936023097,50,0.1496146956172445,0.3150308097692714,initial_sample_size_sweep,sample_size_sweep
20,2000,7,0.0374408370116725,0.4213492799317464,0.458790116943419,173.24929588338748,38,0.1271141247917433,0.3119439782164662,initial_sample_size_sweep,sample_size_sweep
20,2000,8,0.0369711649836972,0.4312673090025782,0.4682384739862755,174.40641641873944,23,0.1439778235280666,0.3210627879656543,initial_sample_size_sweep,sample_size_sweep
20,2000,9,0.0373569299699738,0.4255992460530251,0.462956176022999,173.7359643704059,29,0.1519660408993423,0.3125028383914837,initial_sample_size_sweep,sample_size_sweep
20,2000,10,0.0417284599971026,0.4434605550486594,0.485189015045762,172.74755484954093,18,0.1501830034191311,0.3163082950357423,initial_sample_size_sweep,sample_size_sweep
20,5000,1,0.0647015259601175,0.3948556670220569,0.4595571929821744,170.3736373662224,24,0.1441024239267073,0.3314030646975103,initial_sample_size_sweep,sample_size_sweep
20,5000,2,0.0677521449979394,0.3929280890151858,0.4606802340131253,169.89368146098028,34,0.1707458197917941,0.3396284393503571,initial_sample_size_sweep,sample_size_sweep
20,5000,3,0.0873376089148223,0.3879685390274972,0.4753061479423195,170.72082248853908,75,0.1611304759100192,0.3345084371307923,initial_sample_size_sweep,sample_size_sweep
20,5000,4,0.1134760560235008,0.3988506559981033,0.5123267120216042,170.19617009171247,52,0.1403093536009698,0.318438957126078,initial_sample_size_sweep,sample_size_sweep
20,5000,5,0.0625193719752132,0.3764167390763759,0.4389361110515892,171.13502381770758,27,0.1470729868490326,0.3112002208998906,initial_sample_size_sweep,sample_size_sweep
20,5000,6,0.0496898960554972,0.4147156869294122,0.4644055829849094,170.96241255510674,32,0.1971029236582943,0.341203879191237,initial_sample_size_sweep,sample_size_sweep
20,5000,7,0.0858678839867934,0.389799240976572,0.4756671249633655,170.62505103599693,58,0.1487008659600899,0.3349781541732147,initial_sample_size_sweep,sample_size_sweep
20,5000,8,0.0670185990165919,0.4247320189606398,0.4917506179772317,170.69299739071303,36,0.1516775027868374,0.3131661785128941,initial_sample_size_sweep,sample_size_sweep
20,5000,9,0.0697981968987733,0.4225388690829277,0.492337065981701,171.3210974939654,42,0.1502183798710783,0.3198708283645118,initial_sample_size_sweep,sample_size_sweep
20,5000,10,0.0692128710215911,0.4135466649895534,0.4827595360111445,170.20355898979795,33,0.1573314926362506,0.3338244674543474,initial_sample_size_sweep,sample_size_sweep
20,6000,1,0.0694394459715113,0.4089358940254897,0.478375339997001,169.3266532106518,27,0.1542878659125691,0.3196510770385927,policy300_k20,policy_300k_validation
20,6000,2,0.0682175550609827,0.3939775419421494,0.4621950970031321,170.59024177605667,34,0.1744090961151948,0.3226294999383585,policy300_k20,policy_300k_validation
20,6000,3,0.072986464947462,0.4164512710412964,0.4894377359887585,170.2027253452747,33,0.1503081286320259,0.3065981798406941,policy300_k20,policy_300k_validation
20,6000,4,0.0812416109256446,0.4109973860904574,0.4922389970161021,169.92275189432598,42,0.1553422843666148,0.3302778504019438,policy300_k20,policy_300k_validation
20,6000,5,0.0759251629933714,0.3926439320202917,0.4685690950136632,169.60786467584666,41,0.1552771898115354,0.3207857445513221,policy300_k20,policy_300k_validation
20,6000,6,0.081405489007011,0.4501476599834859,0.531553148990497,169.88223624587567,37,0.1385494567938298,0.3131254977596353,policy300_k20,policy_300k_validation
20,6000,7,0.1080585360759869,0.4046052889898419,0.5126638250658289,169.49759485211496,59,0.1475738037232206,0.3270562590900496,policy300_k20,policy_300k_validation
20,6000,8,0.0904257840011268,0.3947579830419272,0.4851837670430541,171.06135098030978,37,0.1772675793157171,0.3184658161137762,policy300_k20,policy_300k_validation
20,6000,9,0.0995716380421072,0.4006879399530589,0.5002595779951662,169.8424630730973,77,0.1507603241452338,0.3235234918804126,policy300_k20,policy_300k_validation
20,6000,10,0.0830515510169789,0.4229397729504853,0.5059913239674643,170.16153344066632,46,0.1479659801023302,0.3170002556830917,policy300_k20,policy_300k_validation
20,10000,1,0.1713801670121029,0.3481140609364956,0.5194942279485986,170.77096098681113,33,0.2052240691160936,0.3364381558647438,initial_sample_size_sweep,sample_size_sweep
20,10000,2,0.2123907069908455,0.3505864749895409,0.5629771819803864,170.68043672379753,100,0.1411040544323441,0.3156001724280536,initial_sample_size_sweep,sample_size_sweep
20,10000,3,0.1804972609970718,0.3561476840404793,0.5366449450375512,169.4281172360803,45,0.1723992563941716,0.3194378658019671,initial_sample_size_sweep,sample_size_sweep
20,10000,4,0.2421215700451284,0.3769713499350473,0.6190929199801758,170.26852019445442,45,0.1477287155675125,0.3109486984174843,initial_sample_size_sweep,sample_size_sweep
20,10000,5,0.1995771370129659,0.3838841270189732,0.5834612640319392,169.3276626456008,79,0.1419959688151565,0.3174057930391257,initial_sample_size_sweep,sample_size_sweep
20,10000,6,0.1857685419963672,0.3809856279985979,0.5667541699949652,170.04183454905302,54,0.1677082058622975,0.3270034849069986,initial_sample_size_sweep,sample_size_sweep
20,10000,7,0.234795527998358,0.3837085799314081,0.6185041079297662,169.59775197288727,34,0.1774135608205273,0.3330500239950763,initial_sample_size_sweep,sample_size_sweep
20,10000,8,0.2223670809762552,0.3856348700355738,0.6080019510118291,171.0770697430752,78,0.1770366126720017,0.3324661755908595,initial_sample_size_sweep,sample_size_sweep
20,10000,9,0.2005757599836215,0.3780045079765841,0.5785802679602057,169.67952384332344,78,0.174047512538455,0.3286141049559412,initial_sample_size_sweep,sample_size_sweep
20,10000,10,0.1731683770194649,0.3804502310231328,0.5536186080425978,169.73500521867513,34,0.1564928857859323,0.3262136455579647,initial_sample_size_sweep,sample_size_sweep
20,20000,1,0.3086056779138744,0.3493111380375922,0.6579168159514666,169.38756916487984,71,0.1595686569796433,0.3299436104009215,initial_sample_size_sweep,sample_size_sweep
20,20000,2,0.3048940780572593,0.3575702019734308,0.6624642800306901,168.79048759488174,105,0.1526536384379373,0.315407627360186,initial_sample_size_sweep,sample_size_sweep
20,20000,3,0.2668352769687772,0.3784668099833652,0.6453020869521424,168.72671556768253,55,0.1563897144263345,0.3272397765399034,initial_sample_size_sweep,sample_size_sweep
20,20000,4,0.288858330110088,0.4601844529388472,0.7490427830489352,168.9679771260555,92,0.1571726332219754,0.3244197660976525,initial_sample_size_sweep,sample_size_sweep
20,20000,5,0.2804225580766797,0.5136640729615465,0.7940866310382262,170.49422061701915,58,0.1400532106169714,0.3205548611092855,initial_sample_size_sweep,sample_size_sweep
20,20000,6,0.2323483419604599,0.4764348471071571,0.7087831890676171,169.52849367684072,51,0.1417402246205703,0.3264060141421476,initial_sample_size_sweep,sample_size_sweep
20,20000,7,0.2599775730632245,0.3556474229553714,0.615624996018596,169.64993880987635,48,0.1411965225204861,0.3240770451045878,initial_sample_size_sweep,sample_size_sweep
20,20000,8,0.269392944057472,0.378714676015079,0.6481076200725511,169.10188626599285,61,0.1557157365342471,0.3194759295028552,initial_sample_size_sweep,sample_size_sweep
20,20000,9,0.268640014110133,0.3794870938872918,0.6481271079974249,168.93574400710173,62,0.1760897080503244,0.3334173714827844,initial_sample_size_sweep,sample_size_sweep
20,20000,10,0.2657781830057502,0.3800950939767062,0.6458732769824564,168.82077634067537,57,0.1488610947358445,0.3211781547826388,initial_sample_size_sweep,sample_size_sweep
30,2000,1,0.0693846700014546,0.4696873429929837,0.5390720129944384,160.47556757650764,21,0.1166354388086999,0.3242178852319643,extended_k30,sample_size_sweep
30,2000,2,0.0737001250963658,0.4719052199507132,0.545605345047079,159.9794221136927,20,0.1099798366955274,0.3212406896747898,extended_k30,sample_size_sweep
30,2000,3,0.0739766830811277,0.4440301259746775,0.5180068090558052,160.42680128641797,22,0.1073304065686915,0.3176282592822458,extended_k30,sample_size_sweep
30,2000,4,0.0411751409992575,0.4216939479811117,0.4628690889803692,159.29539710558032,25,0.1102503883786588,0.3114147349476662,extended_k30,sample_size_sweep
30,2000,5,0.0504512150073424,0.4399503300664946,0.490401545073837,160.54252699353944,18,0.1283732777060291,0.3326353458493152,extended_k30,sample_size_sweep
30,2000,6,0.0479475340107455,0.4096493639517575,0.4575968979625031,160.16242604279404,26,0.1297139406431961,0.3249409783740355,extended_k30,sample_size_sweep
30,2000,7,0.0464691960951313,0.4151911539956927,0.461660350090824,160.4433953181222,16,0.1195204399998857,0.3108174940802591,extended_k30,sample_size_sweep
30,2000,8,0.0437485669972375,0.4366237930953502,0.4803723600925877,159.83308148380678,17,0.1264162666075237,0.3269278106737714,extended_k30,sample_size_sweep
30,2000,9,0.0523581319721415,0.4386572319781407,0.4910153639502823,159.93058638517005,19,0.1201664886015074,0.3200839666890857,extended_k30,sample_size_sweep
30,2000,10,0.0384623130084946,0.4223699830472469,0.4608322960557416,162.05453271358087,28,0.1221129276765942,0.3187780316243371,extended_k30,sample_size_sweep
30,5000,1,0.1337917050113901,0.3721567878965288,0.505948492907919,156.45449996304853,45,0.1193391132165027,0.3286826297173363,extended_k30,sample_size_sweep
30,5000,2,0.0847677019191905,0.3970344030531123,0.4818021049723029,157.53427305436156,30,0.1121320494747687,0.3245501187948285,extended_k30,sample_size_sweep
30,5000,3,0.0844278170261532,0.3996101829688996,0.4840379999950528,157.30702393266986,31,0.1103541650864419,0.3114111274128796,extended_k30,sample_size_sweep
30,5000,4,0.0917138180229812,0.3856129209743812,0.4773267389973625,156.93481003812505,57,0.1097095643153575,0.3183147404297143,extended_k30,sample_size_sweep
30,5000,5,0.0885814349167049,0.3847029730677604,0.4732844079844653,157.7888631385542,46,0.1403388786179841,0.3281242768822225,extended_k30,sample_size_sweep
30,5000,6,0.0991807220270857,0.4304518289864063,0.529632551013492,156.60216723516828,78,0.1134818145818586,0.3244974214768016,extended_k30,sample_size_sweep
30,5000,7,0.0942003630334511,0.4359747810522094,0.5301751440856606,157.58270810033767,68,0.1299124360343333,0.3271689382610042,extended_k30,sample_size_sweep
30,5000,8,0.0892948050750419,0.434187454986386,0.523482260061428,157.81729081398214,49,0.1168336480418939,0.3184651007600366,extended_k30,sample_size_sweep
30,5000,9,0.0894293590681627,0.4385569699807092,0.527986329048872,157.5778721382486,24,0.1092665699506258,0.3265014847180984,extended_k30,sample_size_sweep
30,5000,10,0.0852058039745315,0.4383765369420871,0.5235823409166187,157.94152905408296,29,0.1170823747013902,0.316007074628568,extended_k30,sample_size_sweep
30,7500,1,0.1403572390554472,0.3965719409752637,0.536929180030711,156.44523413632538,57,0.1211324933022968,0.3276701687127804,refinement_k30,sample_size_refinement
30,7500,2,0.1655236020451411,0.3884998299181461,0.5540234319632873,156.9272534726079,33,0.1346135125075971,0.3362099755165902,refinement_k30,sample_size_refinement
30,7500,3,0.1328256349079311,0.3790914650307968,0.5119170999387279,157.77201789003985,51,0.1181226767493441,0.3205256226665932,refinement_k30,sample_size_refinement
30,7500,4,0.1246603430481627,0.4119563640560955,0.5366167071042582,156.18702325833783,57,0.1201593679051303,0.3233523643980013,refinement_k30,sample_size_refinement
30,7500,5,0.1203958659898489,0.3964823260903358,0.5168781920801848,156.45476196734006,44,0.1139021718904344,0.3170159924417719,refinement_k30,sample_size_refinement
30,7500,6,0.121672268025577,0.3930253819562495,0.5146976499818265,158.0760434602233,38,0.1065445930437434,0.3200369513614271,refinement_k30,sample_size_refinement
30,7500,7,0.1314466859912499,0.4123631850816309,0.5438098710728809,156.62046691262566,60,0.1098635748571958,0.3165284601126861,refinement_k30,sample_size_refinement
30,7500,8,0.1339860300067812,0.3985766109544784,0.5325626409612596,156.68012206562676,54,0.1256267062713276,0.3259457192584856,refinement_k30,sample_size_refinement
30,7500,9,0.1228154479758814,0.4277714230120182,0.5505868709878996,157.596054564196,31,0.1293131996451954,0.3279260076016236,refinement_k30,sample_size_refinement
30,7500,10,0.108579293009825,0.3872903430601582,0.4958696360699832,157.1208806474734,56,0.1064970570112085,0.3082379785682868,refinement_k30,sample_size_refinement
30,9000,1,0.2075159410014748,0.3947045059176162,0.602220446919091,156.38160575246454,65,0.1256393428190673,0.3221034899087655,policy300_k30,policy_300k_validation
30,9000,2,0.2550837789895013,0.3870888660894707,0.642172645078972,155.92348032072277,81,0.1242945869731394,0.3243183502164374,policy300_k30,policy_300k_validation
30,9000,3,0.2699431370710954,0.3889897039625793,0.6589328410336748,156.1201496489702,31,0.1150907979349856,0.3195574078403351,policy300_k30,policy_300k_validation
30,9000,4,0.2280256330268457,0.3895075080217793,0.6175331410486251,156.4178867086946,43,0.1193636881525719,0.3256073953084143,policy300_k30,policy_300k_validation
30,9000,5,0.2509850839851424,0.387957361061126,0.6389424450462684,156.5393425696299,89,0.1305837629857937,0.3262293502071562,policy300_k30,policy_300k_validation
30,9000,6,0.199081711936742,0.4072557080071419,0.606337419943884,156.85904598064326,49,0.1099873639399224,0.3195372770315656,policy300_k30,policy_300k_validation
30,9000,7,0.2077632960863411,0.3919278619578108,0.599691158044152,155.77576066708048,60,0.1091173924001902,0.3211403607281166,policy300_k30,policy_300k_validation
30,9000,8,0.1578234159387648,0.3949378590332344,0.5527612749719992,156.45607824950764,33,0.1109690278879092,0.3187376788979632,policy300_k30,policy_300k_validation
30,9000,9,0.3099831469589844,0.3874966839794069,0.6974798309383914,156.6494584203679,132,0.1159168638602479,0.325113499814293,policy300_k30,policy_300k_validation
30,9000,10,0.1981682179030031,0.3876590700820088,0.5858272879850119,156.3597004466332,58,0.1196408925176441,0.326434881107693,policy300_k30,policy_300k_validation
30,10000,1,0.2850878839381039,0.3556737240869552,0.6407616080250591,156.06868826585145,76,0.1124376959800455,0.3204214405174727,extended_k30,sample_size_sweep
30,10000,2,0.2720446260645985,0.3632623029407114,0.6353069290053099,156.3509332587444,41,0.1266084061074985,0.3241708234679021,extended_k30,sample_size_sweep
30,10000,3,0.2363555919146165,0.3528074329951778,0.5891630249097943,156.49766464759995,91,0.1176178642433735,0.3196122802077323,extended_k30,sample_size_sweep
30,10000,4,0.2087784990435466,0.3558737069834023,0.564652206026949,156.69966818531603,42,0.1312366280496956,0.3262052188033896,extended_k30,sample_size_sweep
30,10000,5,0.2629072810523212,0.3537203769665211,0.6166276580188423,156.04373489842865,95,0.1181769220796279,0.3225188503487476,extended_k30,sample_size_sweep
30,10000,6,0.2077728859148919,0.3559087490430102,0.5636816349579021,155.77425312397398,40,0.1135464640346865,0.3202145822320569,extended_k30,sample_size_sweep
30,10000,7,0.2165052770869806,0.3597892749821767,0.5762945520691574,156.28831809090096,56,0.1171975209392663,0.3289248899030469,extended_k30,sample_size_sweep
30,10000,8,0.2383418179815635,0.3850431210594252,0.6233849390409887,156.56774064590974,94,0.1173238684847751,0.327216269427482,extended_k30,sample_size_sweep
30,10000,9,0.2134321950143203,0.3831294719129801,0.5965616669273004,156.03205580613633,50,0.117502369260659,0.3222040130706437,extended_k30,sample_size_sweep
30,10000,10,0.2546434999676421,0.3949094079434871,0.6495529079111293,156.07300435920774,123,0.1269341156443394,0.32344969705734,extended_k30,sample_size_sweep
30,15000,1,0.391565304948017,0.3574956830125302,0.7490609879605472,155.54613704047412,100,0.1148110936198597,0.3219764622115596,extended_k30,sample_size_sweep
30,15000,2,0.3657688579987734,0.3577230270020664,0.7234918850008398,155.71591108623485,56,0.1130368309524926,0.3253169534145933,extended_k30,sample_size_sweep
30,15000,3,0.2890818109735846,0.3578467740444466,0.6469285850180313,155.83654563292632,80,0.1213811047460476,0.3274846983962759,extended_k30,sample_size_sweep
30,15000,4,0.2526449649594724,0.3893646530341357,0.6420096179936081,156.0513672508188,31,0.117485068911277,0.3190197833276121,extended_k30,sample_size_sweep
30,15000,5,0.2640175429405644,0.4058331770356744,0.6698507199762389,156.68931031878745,50,0.1266584842448144,0.3227543902592166,extended_k30,sample_size_sweep
30,15000,6,0.2694786200299859,0.3923050418961793,0.6617836619261652,156.2450648888276,59,0.1073126622760346,0.3243817372242394,extended_k30,sample_size_sweep
30,15000,7,0.2634112320374697,0.3975199379492551,0.6609311699867249,155.76512909030936,48,0.1133709330317979,0.3250431847309321,extended_k30,sample_size_sweep
30,15000,8,0.3050597799010575,0.3986357470275834,0.7036955269286409,156.06132083526592,68,0.1186439926823751,0.3290925718634312,extended_k30,sample_size_sweep
30,15000,9,0.292776272050105,0.3947289830539375,0.6875052551040426,156.1579220201994,43,0.1097812726590029,0.3177224380298639,extended_k30,sample_size_sweep
30,15000,10,0.27199106302578,0.3970390299800783,0.6690300930058584,156.79859223865114,66,0.1412735829177927,0.3314634961006315,extended_k30,sample_size_sweep
40,2000,1,0.0579297071089968,0.4299799129366874,0.4879096200456843,154.3893008541987,16,0.0967194985048493,0.3178880485745221,extended_k40,sample_size_sweep
40,2000,2,0.0385239759925752,0.4343650019727647,0.47288897796534,154.09151208686728,22,0.0933697782205987,0.3168233003490884,extended_k40,sample_size_sweep
40,2000,3,0.0451137529453262,0.4164734539808705,0.4615872069261968,153.08296979285848,21,0.0931522335232961,0.3152675622519229,extended_k40,sample_size_sweep
40,2000,4,0.0521864020265638,0.4294034000486135,0.4815898020751774,152.60492782593855,16,0.0947457411241958,0.3096568553447629,extended_k40,sample_size_sweep
40,2000,5,0.0501086260192096,0.4195640230318531,0.4696726490510627,153.82593519012198,22,0.1023654268253493,0.3196133439180268,extended_k40,sample_size_sweep
40,2000,6,0.0779646809678524,0.4232230830239132,0.5011877639917657,154.3317329098696,32,0.1047737854992471,0.3115935966219301,extended_k40,sample_size_sweep
40,2000,7,0.0708072340348735,0.418681506998837,0.4894887410337105,153.64045567791007,17,0.0999223380564894,0.3132449532722277,extended_k40,sample_size_sweep
40,2000,8,0.0764059709617868,0.4354641559766605,0.5118701269384474,153.1865582412283,16,0.1080711924998249,0.3226175772504701,extended_k40,sample_size_sweep
40,2000,9,0.0590179950231686,0.4386835909681394,0.4977015859913081,154.07341147183092,19,0.0907751632910023,0.3074887832997313,extended_k40,sample_size_sweep
40,2000,10,0.0661680600605905,0.4314384009921923,0.4976064610527828,153.96564890426745,44,0.1084375728123006,0.3169601242373151,extended_k40,sample_size_sweep
40,5000,1,0.1124645050149411,0.4015283959452063,0.5139929009601474,149.13985291345742,48,0.0913169014244316,0.3181728512661266,extended_k40,sample_size_sweep
40,5000,2,0.1119510380085557,0.3803154689958319,0.4922665070043877,149.9608804711068,53,0.0955828702839849,0.315825100349031,extended_k40,sample_size_sweep
40,5000,3,0.1166134859668091,0.4118416219716891,0.5284551079384983,150.16972494074824,46,0.0928308003928674,0.3064053226677046,extended_k40,sample_size_sweep
40,5000,4,0.1494134860113263,0.434512946056202,0.5839264320675284,150.3635701563095,34,0.0867286393812191,0.313484789400376,extended_k40,sample_size_sweep
40,5000,5,0.15266842499841,0.4366415389813483,0.5893099639797583,149.6865031180191,26,0.1028817057620885,0.3184861031470944,extended_k40,sample_size_sweep
40,5000,6,0.1503489429596811,0.4226234350353479,0.5729723779950291,149.9215306693238,35,0.0884722405272249,0.3130090004322894,extended_k40,sample_size_sweep
40,5000,7,0.157374951057136,0.434667058987543,0.592042010044679,150.24840628290573,58,0.1045978268472717,0.3206778664387243,extended_k40,sample_size_sweep
40,5000,8,0.1508354200050234,0.4395328959217295,0.590368315926753,150.00385347570457,33,0.097806781576906,0.3173735730226976,extended_k40,sample_size_sweep
40,5000,9,0.1541367470053956,0.3942080639535561,0.5483448109589517,151.4613591930923,46,0.0936405172390708,0.3190890325601648,extended_k40,sample_size_sweep
40,5000,10,0.1545915760798379,0.4375904359621927,0.5921820120420307,150.38009844569035,56,0.0920939068214546,0.3095074268439355,extended_k40,sample_size_sweep
40,10000,1,0.346099826041609,0.3609560090117156,0.7070558350533247,148.66589468159947,47,0.0951288928721846,0.3171056348660875,extended_k40,sample_size_sweep
40,10000,2,0.3441992240259424,0.357764913002029,0.7019641370279714,149.27282594642827,41,0.0943610385083467,0.3217067507731775,extended_k40,sample_size_sweep
40,10000,3,0.2603639540029689,0.3690553869819268,0.6294193409848958,148.86554583073791,82,0.0939048116085675,0.3122598525447827,extended_k40,sample_size_sweep
40,10000,4,0.2379470230080187,0.3599393750773743,0.597886398085393,148.46928239303764,40,0.0942218204174688,0.3184099758639355,extended_k40,sample_size_sweep
40,10000,5,0.2380998650332912,0.3600005370099097,0.598100402043201,148.8234036966818,36,0.0904390083181506,0.3119165423121665,extended_k40,sample_size_sweep
40,10000,6,0.2987477780552581,0.3623847679700702,0.6611325460253283,148.4898701179974,38,0.095867447762447,0.3196842080020451,extended_k40,sample_size_sweep
40,10000,7,0.2848525909939781,0.3711712199728936,0.6560238109668717,149.04019117511973,114,0.0951964619372961,0.3188741214421936,extended_k40,sample_size_sweep
40,10000,8,0.2382748799864202,0.3911066140281036,0.6293814940145239,149.42539288793134,39,0.093667305788681,0.3176618802374945,extended_k40,sample_size_sweep
40,10000,9,0.2453841930255293,0.3819802859798074,0.6273644790053368,148.92404587343356,53,0.0974318860296557,0.3145624905935764,extended_k40,sample_size_sweep
40,10000,10,0.2471387999830767,0.3879212610190734,0.6350600610021502,149.4286563200498,57,0.1066434184461055,0.3272907012285656,extended_k40,sample_size_sweep
40,12000,1,0.2959742300445214,0.4003069460159167,0.6962811760604382,148.4976186636911,67,0.090052831170223,0.3130182895743173,policy300_k40,policy_300k_validation
40,12000,2,0.2750062739942223,0.3920658499700948,0.6670721239643171,148.58770056139628,42,0.0929426711377545,0.3237203888682742,policy300_k40,policy_300k_validation
40,12000,3,0.3041363970842212,0.400526268989779,0.7046626660740003,148.1985693033924,96,0.0897131124176953,0.3129138986254275,policy300_k40,policy_300k_validation
40,12000,4,0.3040036458987742,0.5046790840569884,0.8086827299557626,148.5873231206023,66,0.0947321186821696,0.3229449049153853,policy300_k40,policy_300k_validation
40,12000,5,0.2925309960264712,0.3921038579428568,0.6846348539693281,148.5409350255433,73,0.0955254886675294,0.3204246566618468,policy300_k40,policy_300k_validation
40,12000,6,0.2963779410347342,0.3908632289385423,0.6872411699732766,148.27989685677784,77,0.093164209023306,0.3121709858546721,policy300_k40,policy_300k_validation
40,12000,7,0.2854849989525974,0.3913125590188429,0.6767975579714403,147.87961355061992,60,0.0904191836752286,0.3129088984987839,policy300_k40,policy_300k_validation
40,12000,8,0.2912822359940037,0.3917110930196941,0.6829933290136978,148.09814838162893,66,0.0929556180365648,0.3210884066064787,policy300_k40,policy_300k_validation
40,12000,9,0.2323532479349523,0.4160284390673041,0.6483816870022565,148.3565635922091,68,0.0942542624443541,0.3198058449975174,policy300_k40,policy_300k_validation
40,12000,10,0.2821646619122475,0.3926689530489966,0.6748336149612442,148.1845117725651,79,0.1013427745694411,0.3158873458852568,policy300_k40,policy_300k_validation
40,12500,1,0.2974356800550595,0.4051512950100004,0.70258697506506,148.0088484370408,81,0.1017672026920803,0.3222976305953551,refinement_k40,sample_size_refinement
40,12500,2,0.2715366670163348,0.3893008879385888,0.6608375549549237,148.4729171707133,37,0.091039501792323,0.3144373120767188,refinement_k40,sample_size_refinement
40,12500,3,0.289455728023313,0.3903974679997191,0.6798531960230321,148.5780873207374,73,0.08763702229878,0.3134569364542374,refinement_k40,sample_size_refinement
40,12500,4,0.2763720880029723,0.3909418419934809,0.6673139299964532,148.2956571604381,46,0.0921090982308191,0.3165069713426379,refinement_k40,sample_size_refinement
40,12500,5,0.2777623839210719,0.3940344339935109,0.6717968179145828,148.411633935269,47,0.0878943931124912,0.3176640191497474,refinement_k40,sample_size_refinement
40,12500,6,0.2965684469090774,0.3915553810074925,0.68812382791657,148.54430452026307,79,0.0892726645719113,0.3139881116262807,refinement_k40,sample_size_refinement
40,12500,7,0.2923918230226263,0.4023171940352767,0.6947090170579031,148.22278693001243,69,0.0931340219583135,0.3129916198651412,refinement_k40,sample_size_refinement
40,12500,8,0.2974758009659126,0.3914652439998463,0.6889410449657589,148.84107358806716,54,0.095778465251313,0.3218838676292444,refinement_k40,sample_size_refinement
40,12500,9,0.2983845960116014,0.4118694569915533,0.7102540530031547,148.47970355073898,61,0.0941328679151686,0.3204536897940958,refinement_k40,sample_size_refinement
40,12500,10,0.3024610190186649,0.3903387680184096,0.6927997870370746,148.31550349052324,66,0.0978493488655314,0.3214240845282954,refinement_k40,sample_size_refinement
40,15000,1,0.3937061770120635,0.362154837930575,0.7558610149426386,148.5021685658847,82,0.0996790728851229,0.3204557841011972,refinement_k40,sample_size_refinement
40,15000,2,0.319126930902712,0.3605619251029566,0.6796888560056686,148.48531969838848,38,0.0935700768277347,0.3217669077333347,refinement_k40,sample_size_refinement
40,15000,3,0.3669449699809775,0.3655825370224193,0.7325275070033967,148.52636086604613,65,0.0921533882002296,0.3140191665259556,refinement_k40,sample_size_refinement
40,15000,4,0.3362867120886221,0.3712055399082601,0.7074922519968823,148.66112819444726,64,0.0912994739175408,0.3125499753105452,refinement_k40,sample_size_refinement
40,15000,5,0.3390970469918102,0.387754856958054,0.7268519039498642,147.669568763731,81,0.0950551131872002,0.3152384629323027,refinement_k40,sample_size_refinement
40,15000,6,0.3294413579860702,0.3899720329791307,0.719413390965201,148.35810557287866,65,0.0934305428749195,0.3189431606375099,refinement_k40,sample_size_refinement
40,15000,7,0.3285302279982716,0.3957381739746779,0.7242684019729495,148.07345660544712,59,0.0909263445180281,0.3173198350091332,refinement_k40,sample_size_refinement
40,15000,8,0.2801620770478621,0.3983628179412335,0.6785248949890956,147.92210080239903,73,0.093371222898603,0.3230046477674446,refinement_k40,sample_size_refinement
40,15000,9,0.3284385490696877,0.3865172629011795,0.7149558119708672,147.95103555047456,65,0.0968282377662904,0.3219901932762868,refinement_k40,sample_size_refinement
40,15000,10,0.3277567169861868,0.4005074540618807,0.7282641710480675,148.6789221833244,64,0.0950476230373371,0.3182782104074492,refinement_k40,sample_size_refinement
40,17500,1,0.3562814950710162,0.3675664099864661,0.7238479050574824,147.6715412146108,39,0.0987895902508764,0.3196909133089241,refinement_k40,sample_size_refinement
40,17500,2,0.3693803370697424,0.3598336529685184,0.7292139900382608,148.2417819481862,60,0.1032632208285295,0.3247074943844453,refinement_k40,sample_size_refinement
40,17500,3,0.3724472800968215,0.3568868809379637,0.7293341610347852,147.6840240757879,66,0.0934476469316092,0.3168181307203196,refinement_k40,sample_size_refinement
40,17500,4,0.3262381879612803,0.3582800700096413,0.6845182579709217,147.83444011435088,87,0.0882807351510092,0.3125978746194481,refinement_k40,sample_size_refinement
40,17500,5,0.3753309259191155,0.3603442660532892,0.7356751919724047,147.8233005226271,93,0.0938561857786999,0.3157770029257701,refinement_k40,sample_size_refinement
40,17500,6,0.4272692729718983,0.362050159019418,0.7893194319913164,148.3464085041965,69,0.0986260991176471,0.3212443805252356,refinement_k40,sample_size_refinement
40,17500,7,0.3941485959803685,0.3674611819442361,0.7616097779246047,148.1073924760197,85,0.0903400897976838,0.3105283800508174,refinement_k40,sample_size_refinement
40,17500,8,0.3998511038953438,0.3851144120562821,0.784965515951626,147.91863828059414,94,0.0902455301861738,0.318882231454883,refinement_k40,sample_size_refinement
40,17500,9,0.4261196349980309,0.3859469030285254,0.8120665380265564,147.97454162005124,101,0.0980707215191405,0.3182619481603527,refinement_k40,sample_size_refinement
40,17500,10,0.3687457600608468,0.3900177159812301,0.758763476042077,148.62538298775277,47,0.0933903019799888,0.3135988609049759,refinement_k40,sample_size_refinement
40,20000,1,0.4499325989745557,0.3619242910062894,0.8118568899808452,148.38174798258777,103,0.0901518357443352,0.3166425937071092,extended_k40,sample_size_sweep
40,20000,2,0.4141430220333859,0.3697755970060825,0.7839186190394685,148.9139293637605,86,0.0919219466675391,0.3139712826398514,extended_k40,sample_size_sweep
40,20000,3,0.8155094890389591,0.3669895899947732,1.1824990790337324,147.93853681582576,196,0.0934035861426815,0.3165088850570811,extended_k40,sample_size_sweep
40,20000,4,0.5721381038893014,0.3922062891069799,0.9643443929962814,147.8462820159416,56,0.0867618801887288,0.3130066669715352,extended_k40,sample_size_sweep
40,20000,5,0.5978261569980532,0.389510637964122,0.9873367949621752,147.8196831495861,96,0.0937212172436572,0.319348496573357,extended_k40,sample_size_sweep
40,20000,6,0.5923585189739242,0.3923530710162595,0.9847115899901836,147.66776812561582,87,0.0988061655610634,0.3187767430416266,extended_k40,sample_size_sweep
40,20000,7,0.5821606679819524,0.4625531380297616,1.044713806011714,147.8804919492122,127,0.0917814476636172,0.3182408929146924,extended_k40,sample_size_sweep
40,20000,8,0.5895649989834055,0.4165328199742362,1.0060978189576415,147.81233824003294,66,0.0943871326691418,0.315226495595972,extended_k40,sample_size_sweep
40,20000,9,0.8213278700131923,0.414954480016604,1.2362823500297964,148.21185635998367,99,0.0932898005635461,0.3201250577012606,extended_k40,sample_size_sweep
40,20000,10,0.5829531679628417,0.4175384429981932,1.000491610961035,147.775765726607,58,0.0906524861621689,0.3176985455547145,extended_k40,sample_size_sweep
50,2000,1,0.065313757979311,0.4528551130788401,0.5181688710581511,149.48724027518736,23,0.0781346652277704,0.3111634173337421,extended_k50,sample_size_sweep
50,2000,2,0.0676626439671963,0.4644911610521376,0.532153805019334,148.69878617673527,21,0.0784519281702012,0.3135922876937222,extended_k50,sample_size_sweep
50,2000,3,0.0630498200189322,0.4537852320354432,0.5168350520543754,148.61203791525298,19,0.0745079911490543,0.3065249590189432,extended_k50,sample_size_sweep
50,2000,4,0.065771720954217,0.475049186963588,0.540820907917805,149.22932298314504,18,0.0833400989891958,0.3074727999295613,extended_k50,sample_size_sweep
50,2000,5,0.0669670510105788,0.4736559169832617,0.5406229679938406,148.95723527279645,25,0.0855614666459409,0.3138603514627811,extended_k50,sample_size_sweep
50,2000,6,0.0928980419412255,0.4797430529724806,0.5726410949137062,149.39280571399624,19,0.0849422318743989,0.3118344859062951,extended_k50,sample_size_sweep
50,2000,7,0.0912699560867622,0.4838427709182724,0.5751127270050347,149.00111251770798,17,0.0829707548875008,0.3084405837672632,extended_k50,sample_size_sweep
50,2000,8,0.0944267769809812,0.4559488069498911,0.5503755839308724,148.68803452882935,14,0.0958188257820107,0.3198940570644474,extended_k50,sample_size_sweep
50,2000,9,0.0701678770128637,0.4644450410269201,0.5346129180397838,148.93443554017685,25,0.0883111367962629,0.3074853659619013,extended_k50,sample_size_sweep
50,2000,10,0.0617651760112494,0.4608732429333031,0.5226384189445525,148.99035781179433,16,0.0881108629337031,0.3167245972823853,extended_k50,sample_size_sweep
50,5000,1,0.1387455370277166,0.4177272489760071,0.5564727860037237,144.6987449164295,47,0.0786309881892097,0.3158796679635998,extended_k50,sample_size_sweep
50,5000,2,0.1257371819810941,0.4232464149827137,0.5489835969638079,144.98655449539282,43,0.0880878635623985,0.3159940165544612,extended_k50,sample_size_sweep
50,5000,3,0.1285413469886407,0.4188129730755463,0.547354320064187,145.11244511852536,32,0.076913840303935,0.309960071212418,extended_k50,sample_size_sweep
50,5000,4,0.1813483800506219,0.4227025309810415,0.6040509110316634,145.621491103224,39,0.0714099345086052,0.3070443913293982,extended_k50,sample_size_sweep
50,5000,5,0.1814310350455343,0.4356328479479998,0.6170638829935342,144.50175607184173,44,0.0842819135901963,0.312784621429498,extended_k50,sample_size_sweep
50,5000,6,0.1812842719955369,0.4463891439372673,0.6276734159328043,144.590872611726,32,0.0821085025885449,0.312055763280893,extended_k50,sample_size_sweep
50,5000,7,0.1838654809398576,0.4450085840653628,0.6288740650052205,144.9352683483316,42,0.0827840439333342,0.3187761299494574,extended_k50,sample_size_sweep
50,5000,8,0.1809587699826806,0.4856699269730598,0.6666286969557405,144.86733795316886,27,0.0811416179954376,0.3171723085716756,extended_k50,sample_size_sweep
50,5000,9,0.1807443649740889,0.4691440960159525,0.6498884609900415,145.1450002934225,23,0.0751827280135282,0.3118519768707093,extended_k50,sample_size_sweep
50,5000,10,0.1868972099618986,0.4710677890107035,0.6579649989726022,144.7353424401145,49,0.0749372011811976,0.3084605707665026,extended_k50,sample_size_sweep
50,10000,1,0.2781794869806617,0.3734482279978692,0.651627714978531,143.18425162572447,47,0.0833501083821667,0.3107547801282064,extended_k50,sample_size_sweep
50,10000,2,0.3401923169149086,0.3759069900261238,0.7160993069410324,143.44677079056842,52,0.0844936660451211,0.3174002990281007,extended_k50,sample_size_sweep
50,10000,3,0.2823535070056095,0.3743952410295605,0.6567487480351701,143.83375201083223,46,0.0721253206903515,0.3054788445702584,extended_k50,sample_size_sweep
50,10000,4,0.2881932980380952,0.3840152859920636,0.6722085840301588,143.004196865066,52,0.0797039295150387,0.3168657366433088,extended_k50,sample_size_sweep
50,10000,5,0.3896029270254075,0.3801748220575973,0.7697777490830049,143.0164004019169,53,0.0804489509112032,0.3132973594368642,extended_k50,sample_size_sweep
50,10000,6,0.4001196300378069,0.416510245995596,0.816629876033403,143.26495112224296,74,0.0799621073054474,0.3155525424270312,extended_k50,sample_size_sweep
50,10000,7,0.4362198780290782,0.3833393329987302,0.8195592110278085,143.857641052316,59,0.0822786602986715,0.3179284236997318,extended_k50,sample_size_sweep
50,10000,8,0.3871985470177606,0.4304036010289565,0.817602148046717,143.82548492406497,55,0.0791466634218177,0.3120656383154178,extended_k50,sample_size_sweep
50,10000,9,0.4449371160008013,0.4074993419926613,0.8524364579934627,143.05218364256413,48,0.0841221030823399,0.3153540678760693,extended_k50,sample_size_sweep
50,10000,10,0.4286217130720615,0.4246457340195775,0.853267447091639,143.50869937332425,128,0.0797369285036325,0.3154217789663358,extended_k50,sample_size_sweep
50,15000,1,0.4459630489582196,0.412970136036165,0.8589331849943846,142.9590809895801,67,0.0811397127282468,0.3131883541761094,refinement_k50,sample_size_refinement
50,15000,2,0.5456484140595421,0.4322845799615606,0.9779329940211028,142.79813825366332,94,0.0799594552163346,0.3198481436493083,refinement_k50,sample_size_refinement
50,15000,3,0.3672972660278901,0.4075781429419294,0.7748754089698195,142.75516832784663,61,0.0801374198570569,0.3123562283547518,refinement_k50,sample_size_refinement
50,15000,4,0.3943381370045244,0.4107538210228085,0.805091958027333,143.32375757966716,65,0.0787881777360216,0.3108452117166208,refinement_k50,sample_size_refinement
50,15000,5,0.3966911400202662,0.4057282420108095,0.8024193820310757,142.3835024498931,80,0.0791063890360928,0.3127882020819857,refinement_k50,sample_size_refinement
50,15000,6,0.3683136260369792,0.4196598549606278,0.7879734809976071,143.21854987673416,52,0.0790478998388078,0.3107390588783719,refinement_k50,sample_size_refinement
50,15000,7,0.40797295991797,0.4079681740840897,0.8159411340020597,142.797087042507,116,0.0795381761180405,0.3115381454916011,refinement_k50,sample_size_refinement
50,15000,8,0.3631883959751576,0.4105670880526304,0.773755484027788,142.54379416273662,42,0.0805165088997137,0.31925420291014,refinement_k50,sample_size_refinement
50,15000,9,0.3660668929805979,0.4035224430263042,0.7695893360069022,142.50883835421067,47,0.079814649418955,0.3167930429828637,refinement_k50,sample_size_refinement
50,15000,10,0.3764653580728918,0.4052987219765782,0.7817640800494701,142.5463454820193,61,0.0839086849699058,0.3163371853239626,refinement_k50,sample_size_refinement
50,20000,1,0.579204999958165,0.3771680810023099,0.9563730809604748,142.41072356692874,124,0.0749566239203903,0.3114515091241009,refinement_k50,sample_size_refinement
50,20000,2,0.4846069370396435,0.3986490439856425,0.883255981025286,143.19824972800672,86,0.0773079133913,0.3108682700322524,refinement_k50,sample_size_refinement
50,20000,3,0.5016018279129639,0.3818623980041593,0.8834642259171233,142.72758588031505,110,0.0794132703175264,0.3140755594914639,refinement_k50,sample_size_refinement
50,20000,4,0.4999535719398409,0.3822755540022626,0.8822291259421036,142.62310720392605,88,0.0754116760565666,0.311725158595358,refinement_k50,sample_size_refinement
50,20000,5,0.4794595930725336,0.3986995510058477,0.8781591440783814,142.42360218781266,53,0.0815013070178348,0.315695005330359,refinement_k50,sample_size_refinement
50,20000,6,0.479927941923961,0.410278020077385,0.890205962001346,142.580731746324,55,0.0875325094008662,0.3142495407933222,refinement_k50,sample_size_refinement
50,20000,7,0.5043147850083187,0.4147538470569998,0.9190686320653184,142.6484715646215,90,0.082420484127973,0.3160989180783053,refinement_k50,sample_size_refinement
50,20000,8,0.4807282940018922,0.4156174150994047,0.896345709101297,142.6124256089245,56,0.0789564201676823,0.3118106551317404,refinement_k50,sample_size_refinement
50,20000,9,0.5530999969923869,0.4144035259960219,0.9675035229884088,142.11656596470905,75,0.0814520116597933,0.3178790958856701,refinement_k50,sample_size_refinement
50,20000,10,0.4821589100174606,0.4048847549129277,0.8870436649303883,142.46883836996403,59,0.0801397476863482,0.3113819674406486,refinement_k50,sample_size_refinement
50,25000,1,0.6112497760914266,0.3762829629704356,0.9875327390618622,142.19363694203204,56,0.0762676420591815,0.3140124020263519,extended_k50,sample_size_sweep
50,25000,2,0.5547326549421996,0.3780036279931664,0.932736282935366,141.88954701416833,55,0.079478867946175,0.3138016878785359,extended_k50,sample_size_sweep
50,25000,3,0.8823565959464759,0.3820607410743832,1.2644173370208591,142.06786523820972,109,0.0776714647427943,0.3145820985045479,extended_k50,sample_size_sweep
50,25000,4,0.8891734370263293,0.3986528819659725,1.2878263189923018,142.28937857375186,95,0.0799329938060208,0.3126906281053647,extended_k50,sample_size_sweep
50,25000,5,0.8880627460312098,0.4205153729999438,1.3085781190311536,142.5882598871341,86,0.0764897917844836,0.315366589409538,extended_k50,sample_size_sweep
50,25000,6,0.8971506549278274,0.4184617539867759,1.3156124089146033,142.55371919450442,133,0.0800008190885313,0.3090885323528156,extended_k50,sample_size_sweep
50,25000,7,0.8593353109899908,0.4255213120486587,1.2848566230386496,142.34789622130617,85,0.0824491198636584,0.3177341820406423,extended_k50,sample_size_sweep
50,25000,8,0.8679747009882703,0.4286046710330993,1.2965793720213696,142.42843398468926,97,0.0818793875275571,0.3142300136087285,extended_k50,sample_size_sweep
50,25000,9,0.9255989170633256,0.4227887450251728,1.3483876620884985,142.2174296385176,128,0.0760787732977898,0.3120945587703664,extended_k50,sample_size_sweep
50,25000,10,0.738852001959458,0.4240347220329568,1.1628867239924148,142.37934332008564,80,0.0747796230054146,0.3105825825181779,extended_k50,sample_size_sweep
