k,sample_size,fit_time_s_mean,fit_time_s_std,assignment_time_s_mean,assignment_time_s_std,total_time_s_mean,total_time_s_std,distortion_mean,distortion_std,ari_ground_truth_mean,ari_ground_truth_std,ami_ground_truth_mean,ami_ground_truth_std,stability_ari_mean,stability_ari_std,source_experiment,experiment_group
10,500,0.0231891020899638,0.0026030128430715,0.4054394152015447,0.021824244166982,0.4286285172915086,0.0227404121598709,204.4425537038628,1.4434114958661306,0.2128445899880939,0.033702916414718,0.3219955711735812,0.0124424359634147,0.4874068637250696,0.0528232127431044,initial_sample_size_sweep,sample_size_sweep
10,1000,0.0243004312040284,0.006056321977354,0.4175885089091025,0.0245923595684129,0.4418889401131309,0.0270601768739897,200.6619285524561,1.1508079517372627,0.2386846065632655,0.0335707304221248,0.3276345962757,0.014471763644168,0.5544974210084205,0.0695184756845574,initial_sample_size_sweep,sample_size_sweep
10,2000,0.0333134885062463,0.0032312015196555,0.4078101806924678,0.0317926417982775,0.4411236691987142,0.0334596157443752,199.1718464071276,0.9465461165175496,0.2280385790699051,0.0337324547086649,0.3283151523431311,0.0156621196379393,0.5508720414533459,0.0613054758250783,initial_sample_size_sweep,sample_size_sweep
10,5000,0.061417699418962,0.0091033918186556,0.414478468184825,0.0138064867250682,0.475896167603787,0.016071778612976,197.70524964419303,1.2908634147151925,0.2390130903120258,0.0320743947585567,0.3291552644192733,0.0147441126118263,0.6657930421934851,0.0652934495957391,initial_sample_size_sweep,sample_size_sweep
10,10000,0.1438786434940993,0.0103451222324233,0.3942282536881976,0.0476330194723166,0.538106897182297,0.0481518303642914,196.87035961941152,0.9129707576913608,0.2380598751386482,0.0310197141222202,0.3343705345626383,0.0167240081019177,0.700801658307687,0.0870808774588779,initial_sample_size_sweep,sample_size_sweep
10,20000,0.2046018301043659,0.0313929330586893,0.3689112456981093,0.0147717172079737,0.5735130758024752,0.03274967604002,196.49217379759247,0.396057056958509,0.2277492903577876,0.0307592279828162,0.330912681428792,0.0167029173403084,0.7174922192850919,0.0688003064330144,initial_sample_size_sweep,sample_size_sweep
17,500,0.023068691487424,0.0051994270783712,0.605531984695699,0.5367547970245374,0.6286006761831231,0.5379256091291643,186.18435398284575,1.5106040907919056,0.1780307841477635,0.0202343745372634,0.3254519602490766,0.0115499580241589,0.4351962635508359,0.0334605946543704,initial_sample_size_sweep,sample_size_sweep
17,1000,0.0246965806814841,0.0065482522220828,0.4077591601177118,0.0164119098408624,0.4324557407991961,0.0203557019929511,181.59751426733675,1.2090421881436275,0.1708538703273072,0.0192107438419199,0.3182156741503045,0.0138686483457235,0.442166022643092,0.0433178221341735,initial_sample_size_sweep,sample_size_sweep
17,2000,0.0376890876796096,0.0026666395977136,0.4304167093127035,0.0547964099309741,0.4681057969923131,0.0541485503084021,178.79448645746567,1.00361637189893,0.1595416526051071,0.014173343688873,0.317065455585674,0.012743069363265,0.5003620373982708,0.048616197580964,initial_sample_size_sweep,sample_size_sweep
17,5000,0.0646320272004231,0.0071936403386018,0.4273303503752686,0.0508804442751831,0.4919623775756918,0.049909514101552,176.93418418346224,0.8343745412096124,0.171962084206701,0.0242142443526143,0.3231472814278864,0.0084084761543218,0.5467895950105724,0.0648635919168084,initial_sample_size_sweep,sample_size_sweep
17,5100,0.0778317571850493,0.0088319246761274,0.41073105589021,0.0117965759972676,0.4885628130752593,0.0125918792921031,176.50038494651662,0.4599422793338739,0.1771498663867852,0.0159283423939001,0.3273839434881381,0.0081351408416684,0.564330518492363,0.0531596838937671,policy300_k17,policy_300k_validation
17,8500,0.1799743203213438,0.0326174022995626,0.3823076963890344,0.0039611935567591,0.5622820167103783,0.0326566956000329,176.0752387197744,0.5489871697551366,0.1749950501858809,0.014896172666029,0.3292379072239896,0.0060939921732701,0.5808760602787362,0.0583608915079579,k17_tee_baseline,tee_baseline
17,10000,0.1745442506973631,0.0265543429121334,0.3855397388921119,0.0039450366897824,0.5600839895894751,0.0271314521562723,176.1403363503964,0.7501581250331756,0.1777501440363055,0.0214237822289802,0.3252409048071655,0.0091376668018117,0.576574441254133,0.0756515412446211,initial_sample_size_sweep,sample_size_sweep
17,20000,0.2881269913050346,0.0472334581266516,0.4869246744085103,0.2594889081577822,0.7750516657135449,0.2778056319891724,175.3422681273655,0.4505355905887399,0.1670101059402207,0.0112303710725907,0.3243743863040612,0.0071256224239284,0.6702799390311927,0.0532918961987635,initial_sample_size_sweep,sample_size_sweep
20,500,0.0250436291913501,0.0035089708651869,0.4284008829854429,0.050113300994703,0.453444512176793,0.0489880108189873,181.7654835927213,1.423212738549257,0.1576387096656034,0.0155540531288707,0.3208845112703707,0.0092335996832294,0.4107264953572945,0.0335764510555662,initial_sample_size_sweep,sample_size_sweep
20,1000,0.0267017027013935,0.0032585182278864,0.4079663809970952,0.0146008453094893,0.4346680836984887,0.0130350529380567,176.14622999052042,1.645687767503381,0.1536817783940544,0.0130415110581365,0.3168232934957829,0.0112629008437279,0.4282967750513319,0.0408705230702183,initial_sample_size_sweep,sample_size_sweep
20,2000,0.0391844895901158,0.0025758457096817,0.4159027440007776,0.0235455135736727,0.4550872335908934,0.0231463464252812,172.69909460740004,1.0722755790798786,0.1486340391084314,0.0113163595444217,0.3183129964218196,0.0064779138672361,0.5121628938159801,0.05362340833044,initial_sample_size_sweep,sample_size_sweep
20,5000,0.073737415485084,0.0176823922868243,0.4016352171078324,0.0162473123166449,0.4753726325929165,0.0207904434915898,170.6124452690742,0.4509582669709793,0.1568392224991074,0.0166692330760979,0.3278222626900833,0.0110834139944993,0.5672530024870136,0.0590086467246461,initial_sample_size_sweep,sample_size_sweep
20,6000,0.0830323238042183,0.0129788366163393,0.4096144670038484,0.0174088760117046,0.4926467908080667,0.0208893750569559,170.00954154942198,0.521255094595191,0.1551741708918272,0.0119637906500313,0.3199113672297876,0.0067793362592178,0.6105029076715325,0.0440602803965097,policy300_k20,policy_300k_validation
20,10000,0.2022642130032181,0.0251880419773127,0.3724487513885833,0.0147403777748334,0.5747129643918015,0.0337164910900796,170.06068831137583,0.6117638263347479,0.1661150842004492,0.0197746440513366,0.3247178120558215,0.0084560009342134,0.5905465108709932,0.0673202134180725,initial_sample_size_sweep,sample_size_sweep
20,20000,0.2745752977323718,0.0223881952342573,0.4029575809836387,0.0580871283560235,0.6775328787160106,0.0556688258437584,169.2403809171006,0.5449808699046171,0.1529441140144334,0.010870456278897,0.3242120156522963,0.0053141211600344,0.6565944366400844,0.064029016062154,initial_sample_size_sweep,sample_size_sweep
30,2000,0.0537673576269298,0.0135110374782463,0.4369758493034169,0.0211340738253511,0.4907432069303468,0.0330196849748634,160.31437370192117,0.7217268011836997,0.1190499411686314,0.0079486854990455,0.320868519642747,0.0067412247312095,0.4859539263479847,0.0266765390002637,extended_k30,sample_size_sweep
30,5000,0.0940593530074693,0.0146895336052628,0.411666483990848,0.0262758637285977,0.5057258369983174,0.0240385946110815,157.35410374685787,0.5202711804340977,0.1178450614021157,0.0100166359755966,0.322372291308149,0.0059124711351204,0.5482467174775181,0.0347136192311713,extended_k30,sample_size_sweep
30,7500,0.1302262410055846,0.0152578552571184,0.3991628870135173,0.0143983039859136,0.5293891280191019,0.0188104689732094,156.9879858374796,0.6359569427294675,0.1185775353183473,0.0095443790965163,0.3223449240638246,0.0077143323307712,0.5529009260422886,0.0380091338326115,refinement_k30,sample_size_refinement
30,9000,0.2284373362897895,0.0437422662955125,0.3917525128112175,0.0061728328781458,0.6201898491010069,0.0407963856604195,156.34825087647147,0.3276309619275279,0.1180603719471472,0.007197134744238,0.322877969106074,0.0030065279998004,0.6119259790428018,0.0391349663259416,policy300_k30,policy_300k_validation
30,10000,0.2395869557978585,0.0280564816192526,0.3660117568913847,0.0155410565203674,0.6055987126892433,0.0318558519959966,156.2396061282069,0.2897614538690901,0.1198581854823968,0.0062084366246366,0.3234938065035814,0.0031453413336933,0.6052944036564638,0.0480478874554401,extended_k30,sample_size_sweep
30,15000,0.296579544886481,0.0464061451594594,0.3848492054035887,0.0192246944624154,0.6814287502900698,0.03450305510621,156.0867300402495,0.4079286505133071,0.1183755026041494,0.0098054850733882,0.3244255715558356,0.004279083349891,0.5934694305949587,0.0368883977175606,extended_k30,sample_size_sweep
40,2000,0.0594226405140943,0.0132930870739448,0.4277276529930532,0.0077532550015646,0.4871502935071475,0.0157341472464599,153.71924529550915,0.5865854570496382,0.0992332730357153,0.0064391741159156,0.3151154145119997,0.0046476695427708,0.4164179721225859,0.0238155828520671,extended_k40,sample_size_sweep
40,5000,0.1410398577107116,0.0190593343751937,0.4193461861810647,0.0211977447527169,0.5603860438917764,0.0371458839250604,150.13357796663576,0.59349681376812,0.094595219025652,0.005777447661571,0.3152031066128145,0.0045628591446154,0.4808375572194852,0.0311494132431645,extended_k40,sample_size_sweep
40,10000,0.2741108134156093,0.0427494973187836,0.3702280370052904,0.0124838578673143,0.6443388504208997,0.0376961894033735,148.9405108923017,0.3518077732751252,0.0956862091688904,0.0042475365497025,0.3179472157864025,0.0045520011364092,0.5219801021170227,0.0321063758575222,extended_k40,sample_size_sweep
40,12000,0.2859314628876745,0.0209352629305143,0.4072266280069015,0.0351179811334267,0.6931580908945761,0.0434458622479011,148.32108808284266,0.2363331158757769,0.0935102269824267,0.0034015085240292,0.317488362048796,0.0045738554696306,0.5595308261234235,0.0301705134511131,policy300_k40,policy_300k_validation
40,12500,0.2899844232946634,0.010864255349029,0.3957371970987878,0.0078378372107961,0.6857216203934513,0.0157045208725113,148.41705161038035,0.2256874062840767,0.0930614586688731,0.004505829762366,0.3175104243061754,0.0037380248881484,0.5528178464718574,0.0288796367601156,refinement_k40,sample_size_refinement
40,15000,0.3349490766064263,0.0296511910399408,0.3818357438780367,0.0154750250940196,0.7167848204844631,0.0235712766977506,148.28281668030215,0.3518559351433328,0.0941361096113006,0.0026526918734254,0.3183566343701159,0.0035671681737097,0.5576929408869971,0.0454291668310305,refinement_k40,sample_size_refinement
40,17500,0.3815812594024464,0.0310945316352971,0.369350165198557,0.0127397089537696,0.7509314246010035,0.0378004937691863,148.02274517441774,0.3072363469251115,0.0948310121541358,0.0047224249234869,0.3172107217055172,0.0042649689364211,0.6013278761362408,0.0449514508272154,refinement_k40,sample_size_refinement
40,20000,0.6017914594849572,0.1308172781338252,0.3984338357113302,0.0305052626642964,1.0002252951962871,0.1394138173961452,148.02483997291532,0.3785631497485134,0.0924877498606479,0.0031440027985449,0.31695456597572,0.0023352245854336,0.5786904956696174,0.0262254775240394,extended_k40,sample_size_sweep
50,2000,0.0739292821963317,0.0132901506383812,0.4664689524914138,0.0110530583245793,0.5403982346877456,0.020576940750193,148.99913687356218,0.29609861850822,0.0840149962456039,0.0061034577395843,0.3116992905421042,0.0043967188070196,0.3967175447102192,0.0232915550120717,extended_k50,sample_size_sweep
50,5000,0.166955357894767,0.0250826463683602,0.4435401555965654,0.0244604686630628,0.6104955134913326,0.045169556838223,144.91948133521765,0.3254890842224154,0.0795478633866387,0.0050467796408322,0.3129979517928613,0.003881597669636,0.4568602980600454,0.0200601592096684,extended_k50,sample_size_sweep
50,10000,0.3675618420122191,0.0655393930597029,0.3950338823138736,0.0223139126022919,0.7625957243260928,0.0812292836374396,143.39943318086202,0.3467602374045302,0.080536843815579,0.0035561666177526,0.3140119471091324,0.0037837064340471,0.4993186518649028,0.0333854397908111,extended_k50,sample_size_sweep
50,15000,0.4031945239054039,0.056238095344957,0.4116331204073503,0.0085975345705304,0.8148276443127542,0.0631951084682142,142.7834262518858,0.3095364025559922,0.0801957073819176,0.0014870643582679,0.3143687775565715,0.0034186961441736,0.5380757618910094,0.0333276077793217,refinement_k50,sample_size_refinement
50,20000,0.5045056857867166,0.0344200529344153,0.3998592191142961,0.0147809296058644,0.9043649049010128,0.0325431393052361,142.58103018215326,0.2772574108344381,0.0799091963746281,0.0036827794172885,0.313523567990322,0.0024323915412872,0.5490155550453513,0.0364041893435177,refinement_k50,sample_size_refinement
50,25000,0.8114486795966513,0.1308328906265053,0.4074926791130565,0.0214394335228492,1.2189413587097078,0.1452689033274766,142.29555100143992,0.2142054921461521,0.0785028483121606,0.0026181887656716,0.3134183275215069,0.0024496234988254,0.5698943897407014,0.0318691249647279,extended_k50,sample_size_sweep
