k,sample_size,batch_size,ari_retention_pct,ami_retention_pct,stability_retention_pct,worst_retention_pct,fit_speedup,total_speedup,fit_time_reduction_pct,total_time_reduction_pct,status
10,5000,256,95.17214673314297,97.56634554083867,71.98974242418626,71.98974242418626,0.34347056258597924,0.8661933124955744,-191.14576587612953,-15.447670349580234,FAIL
10,5000,512,94.22204776571496,97.98951661618958,75.00999143143513,75.00999143143513,0.2555402414969384,0.7985568188608281,-291.3277979789265,-25.225904579531154,FAIL
10,5000,1024,95.25003493051453,98.75264047264571,75.40859364786317,75.40859364786317,0.2572232809242015,0.8093619167711267,-288.76729835923356,-23.554120755941433,FAIL
10,5000,2048,94.99635311583637,98.02026116741139,73.57140387816122,73.57140387816122,0.2547244272055192,0.8038370292544407,-292.58111637372355,-24.403325998492576,FAIL
17,8500,256,103.02438021390272,98.45163541304265,80.0895143228876,80.0895143228876,1.0744164798480111,1.015800422337145,6.926222860853571,1.5554652262096402,FAIL
17,8500,512,101.22528881360023,98.42266757971288,76.97985088194301,76.97985088194301,0.6857046273273237,0.8916545155575579,-45.83538744629854,-12.151061039004873,FAIL
17,8500,1024,101.81941868239042,98.61014933042793,76.69987878157838,76.69987878157838,0.8175130514158157,0.9511443274072711,-22.322206143148794,-5.136515162310307,FAIL
17,8500,2048,102.92469437694103,98.80438037078083,76.70647055523308,76.70647055523308,0.8481675847466515,0.9530934340904582,-17.901228245913337,-4.921507612137188,FAIL
20,10000,256,99.97160755102051,99.69943810700494,77.1038774710885,77.1038774710885,1.0204211009320643,1.0115881897692678,2.001242517761681,1.145544193424286,FAIL
20,10000,512,99.45924436937788,98.40227249252442,78.13701136788409,78.13701136788409,0.6490414203556969,0.8833300749240005,-54.07337168896953,-13.207964767421455,FAIL
20,10000,1024,99.6021023161114,99.3117992927468,75.71926375071433,75.71926375071433,0.7221065533909604,0.9108900158955078,-38.48371757659199,-9.782738041857563,FAIL
20,10000,2048,98.07185176268116,98.27775569347511,74.54700664965316,74.54700664965316,0.8024928007487955,0.937239643862691,-24.611709795640934,-6.696297638312831,FAIL
30,15000,256,98.24152849052406,98.322271237233,79.39552214178482,79.39552214178482,1.0121711905575914,1.0070577700141725,1.2024834011415075,0.70083069952116,FAIL
30,15000,512,99.38999548196274,98.36124532894733,81.2999124262973,81.2999124262973,0.6054378861869735,0.8598850508820237,-65.16970986040613,-16.294613910807488,FAIL
30,15000,1024,98.27778514931181,98.1510550878231,79.24770028893937,79.24770028893937,0.7159686445341384,0.9090360457289884,-39.67092101507783,-10.00663886744604,FAIL
30,15000,2048,98.20139798930083,98.25227421949144,77.94440907960336,77.94440907960336,0.6639453747527085,0.8857835631309783,-50.614800257093066,-12.894395608934195,FAIL
40,20000,256,103.22787968476912,99.51210681794119,79.57167797885435,79.57167797885435,1.0360088052287568,1.0052003710282507,3.475723859393831,0.5173467079932603,FAIL
40,20000,512,100.05912302135825,99.10494010842649,77.90263343924991,77.90263343924991,0.6785866390073387,0.8795725302838429,-47.36511780762975,-13.691590581767542,FAIL
40,20000,1024,100.45214067544401,98.89976060214148,78.42790819294171,78.42790819294171,0.7554420477001668,0.9168123592670879,-32.37282767676941,-9.073573222705388,FAIL
40,20000,2048,101.23790978347735,99.54488877521138,78.21250787398039,78.21250787398039,0.8297369136745271,0.948801653811049,-20.52012915412613,-5.3961063393284325,FAIL
50,25000,256,102.49930497884223,99.55584032278364,77.29837356746194,77.29837356746194,0.8772437440375525,0.9604407353146291,-13.993403406612703,-4.118865769725155,FAIL
50,25000,512,103.52907150659017,99.74246968627766,76.88908527517523,76.88908527517523,0.5220377996409798,0.7949479471811012,-91.55700998811356,-25.794399941029724,FAIL
50,25000,1024,103.45778641786991,99.89022227489366,78.06008760367718,78.06008760367718,0.6914426355011968,0.8876438056328539,-44.62515741094608,-12.657801885638186,FAIL
50,25000,2048,102.27782247605424,99.48648067275565,77.13934529960652,77.13934529960652,0.7720671204666245,0.9256170846613152,-29.522417609963327,-8.036035264615027,FAIL
