k,sample_size,fit_time_s_mean,fit_time_s_std,assignment_time_s_mean,assignment_time_s_std,total_time_s_mean,total_time_s_std,distortion_mean,distortion_std,ari_ground_truth_mean,ari_ground_truth_std,ami_ground_truth_mean,ami_ground_truth_std,stability_ari_mean,stability_ari_std,ari_norm,ami_norm,stability_norm,efficiency_norm,distortion_norm,quality_score,stability_score,efficiency_score,global_score,rank
10,10000,0.1438786434940993,0.0103451222324233,0.3942282536881976,0.0476330194723166,0.538106897182297,0.0481518303642914,196.87035961941152,0.9129707576913608,0.2380598751386482,0.0310197141222202,0.3343705345626383,0.0167240081019177,0.700801658307687,0.0870808774588779,0.989453140294311,1.0,0.945591832217431,0.6839749872678417,0.21510587230850767,0.9947265701471555,0.945591832217431,0.6839749872678417,0.8916741476974165,1
10,5000,0.061417699418962,0.0091033918186556,0.414478468184825,0.0138064867250682,0.475896167603787,0.016071778612976,197.70524964419303,1.2908634147151925,0.2390130903120258,0.0320743947585567,0.3291552644192733,0.0147441126118263,0.6657930421934851,0.0652934495957391,1.0,0.7027868869245749,0.8314701641707042,0.863555162154771,0.1913888696723671,0.8513934434622874,0.8314701641707042,0.863555162154771,0.8510573032117158,2
10,20000,0.2046018301043659,0.0313929330586893,0.3689112456981093,0.0147717172079737,0.5735130758024752,0.03274967604002,196.49217379759247,0.396057056958509,0.2277492903577876,0.0307592279828162,0.330912681428792,0.0167029173403084,0.7174922192850919,0.0688003064330144,0.8753715622786905,0.8029403528069267,1.0,0.5817699851441267,0.2258491245534731,0.8391559575428086,1.0,0.5817699851441267,0.7941089743146423,3
10,1000,0.0243004312040284,0.006056321977354,0.4175885089091025,0.0245923595684129,0.4418889401131309,0.0270601768739897,200.6619285524561,1.1508079517372627,0.2386846065632655,0.0335707304221248,0.3276345962757,0.014471763644168,0.5544974210084205,0.0695184756845574,0.9963654879710971,0.6161255059257339,0.46866685042350087,0.961721891617163,0.10739749430547732,0.8062454969484155,0.46866685042350087,0.961721891617163,0.7853726860440569,4
10,2000,0.0333134885062463,0.0032312015196555,0.4078101806924678,0.0317926417982775,0.4411236691987142,0.0334596157443752,199.1718464071276,0.9465461165175496,0.2280385790699051,0.0337324547086649,0.3283151523431311,0.0156621196379393,0.5508720414533459,0.0613054758250783,0.8785724003962077,0.6549097264671925,0.4568487779587692,0.9639309556416156,0.14972676057988316,0.7667410634317,0.4568487779587692,0.9639309556416156,0.7639195740000886,5
10,500,0.0231891020899638,0.0026030128430715,0.4054394152015447,0.021824244166982,0.4286285172915086,0.0227404121598709,204.4425537038628,1.4434114958661306,0.2128445899880939,0.033702916414718,0.3219955711735812,0.0124424359634147,0.4874068637250696,0.0528232127431044,0.7104583421109076,0.2947630147720525,0.24996393790664545,1.0,0.0,0.5026106784414801,0.24996393790664545,1.0,0.6012981268020692,6
20,5000,0.073737415485084,0.0176823922868243,0.4016352171078324,0.0162473123166449,0.4753726325929165,0.0207904434915898,170.6124452690742,0.4509582669709793,0.1568392224991074,0.0166692330760979,0.3278222626900833,0.0110834139944993,0.5672530024870136,0.0590086467246461,0.0907863413192113,0.6268204301972058,0.510247706704548,0.8650664208950002,0.9610233050020833,0.3588033857582085,0.510247706704548,0.8650664208950002,0.5409711604885139,7
17,10000,0.1745442506973631,0.0265543429121334,0.3855397388921119,0.0039450366897824,0.5600839895894751,0.0271314521562723,176.1403363503964,0.7501581250331756,0.1777501440363055,0.0214237822289802,0.3252409048071655,0.0091376668018117,0.576574441254133,0.0756515412446211,0.32215546125047345,0.4797113847875732,0.5406338875586821,0.6205349645462533,0.8039906378764624,0.40093342301902335,0.5406338875586821,0.6205349645462533,0.49475397838512414,8
17,5000,0.0646320272004231,0.0071936403386018,0.4273303503752686,0.0508804442751831,0.4919623775756918,0.049909514101552,176.93418418346224,0.8343745412096124,0.171962084206701,0.0242142443526143,0.3231472814278864,0.0084084761543218,0.5467895950105724,0.0648635919168084,0.2581134099949684,0.36039784875633374,0.44354075126497106,0.8171777475821981,0.7814395346285302,0.3092556293756511,0.44354075126497106,0.8171777475821981,0.4884892892154792,9
20,10000,0.2022642130032181,0.0251880419773127,0.3724487513885833,0.0147403777748334,0.5747129643918015,0.0337164910900796,170.06068831137583,0.6117638263347479,0.1661150842004492,0.0197746440513366,0.3247178120558215,0.0084560009342134,0.5905465108709932,0.0673202134180725,0.19341921451065847,0.44990084366883015,0.5861802720698432,0.5783063349960583,0.9766972510690105,0.32166002908974434,0.5861802720698432,0.5783063349960583,0.45155796945765836,10
17,1000,0.0246965806814841,0.0065482522220828,0.4077591601177118,0.0164119098408624,0.4324557407991961,0.0203557019929511,181.59751426733675,1.2090421881436275,0.1708538703273072,0.0192107438419199,0.3182156741503045,0.0138686483457235,0.442166022643092,0.0433178221341735,0.2458515654122303,0.07935040324667401,0.10248709302737276,0.9889521715707493,0.6489667434709299,0.16260098432945216,0.10248709302737276,0.9889521715707493,0.3984835622414254,11
20,2000,0.0391844895901158,0.0025758457096817,0.4159027440007776,0.0235455135736727,0.4550872335908934,0.0231463464252812,172.69909460740004,1.0722755790798786,0.1486340391084314,0.0113163595444217,0.3183129964218196,0.0064779138672361,0.5121628938159801,0.05362340833044,0.0,0.08489670372458384,0.33066405581400754,0.9236231284776876,0.9017471531870869,0.04244835186229192,0.33066405581400754,0.9236231284776876,0.3644439256372537,12
20,20000,0.2745752977323718,0.0223881952342573,0.4029575809836387,0.0580871283560235,0.6775328787160106,0.0556688258437584,169.2403809171006,0.5449808699046171,0.1529441140144334,0.010870456278897,0.3242120156522963,0.0053141211600344,0.6565944366400844,0.064029016062154,0.047688870912052456,0.42107600439078524,0.8014843970660138,0.281501936119841,1.0,0.23438243765141886,0.8014843970660138,0.281501936119841,0.3619386790748645,13
20,500,0.0250436291913501,0.0035089708651869,0.4284008829854429,0.050113300994703,0.453444512176793,0.0489880108189873,181.7654835927213,1.423212738549257,0.1576387096656034,0.0155540531288707,0.3208845112703707,0.0092335996832294,0.4107264953572945,0.0335764510555662,0.09963227581231653,0.23144480429227896,0.0,0.9283650789552554,0.6441951821698129,0.16553854005229773,0.0,0.9283650789552554,0.3612787937127255,14
17,2000,0.0376890876796096,0.0026666395977136,0.4304167093127035,0.0547964099309741,0.4681057969923131,0.0541485503084021,178.79448645746567,1.00361637189893,0.1595416526051071,0.014173343688873,0.317065455585674,0.012743069363265,0.5003620373982708,0.048616197580964,0.12068740876803884,0.013800579188970022,0.2921954281374459,0.8860431819275812,0.7285933002420267,0.06724399397850443,0.2921954281374459,0.8860431819275812,0.35787403719501576,15
17,500,0.023068691487424,0.0051994270783712,0.605531984695699,0.5367547970245374,0.6286006761831231,0.5379256091291643,186.18435398284575,1.5106040907919056,0.1780307841477635,0.0202343745372634,0.3254519602490766,0.0115499580241589,0.4351962635508359,0.0334605946543704,0.3252606068314532,0.49173922672049886,0.07976695662159698,0.4227517421901761,0.5186668400162805,0.408499916775976,0.07976695662159698,0.4227517421901761,0.3470288723693602,16
17,20000,0.2881269913050346,0.0472334581266516,0.4869246744085103,0.2594889081577822,0.7750516657135449,0.2778056319891724,175.3422681273655,0.4505355905887399,0.1670101059402207,0.0112303710725907,0.3243743863040612,0.0071256224239284,0.6702799390311927,0.0532918961987635,0.20332219233408458,0.4303293480444258,0.8460966249768782,0.0,0.8266616311661448,0.3168257701892552,0.8460966249768782,0.0,0.3276322100900032,17
20,1000,0.0267017027013935,0.0032585182278864,0.4079663809970952,0.0146008453094893,0.4346680836984887,0.0130350529380567,176.14622999052042,1.645687767503381,0.1536817783940544,0.0130415110581365,0.3168232934957829,0.0112629008437279,0.4282967750513319,0.0408705230702183,0.05585076650397767,0.0,0.05727588946075629,0.9825659271486606,0.8038232152528728,0.027925383251988834,0.05727588946075629,0.9825659271486606,0.3201876476627439,18
