k,sample_size,seed,fit_time_s,assignment_time_s,total_time_s,distortion,n_iter,ari_ground_truth,ami_ground_truth
10,500,1,0.025511553045362234,0.417833318002522,0.4433448710478842,204.0234532459537,27,0.24505164474416966,0.31297083624221567
10,500,2,0.02461839106399566,0.38228411495219916,0.4069025060161948,206.09078404183094,8,0.25884809579166257,0.32055406891258703
10,500,3,0.018111377023160458,0.37238229997456074,0.3904936769977212,204.7217820486382,18,0.14550161752063406,0.30153964355357343
10,500,4,0.023559025954455137,0.38783568202052265,0.4113947079749778,201.49389261138967,15,0.18096794688404647,0.3187964779667162
10,500,5,0.024734725942835212,0.41799279407132417,0.4427275200141594,205.22399564999816,10,0.24164489992986904,0.34611683087493145
10,500,6,0.020237306016497314,0.44284845399670303,0.46308576001320034,202.796001699963,25,0.19341977660651777,0.3365671128684903
10,500,7,0.024967579054646194,0.4170855099800974,0.4420530890347436,205.1095137841786,14,0.2140558591881555,0.3230637332518312
10,500,8,0.024705451913177967,0.40256303804926574,0.4272684899624437,206.24871373389186,13,0.22796263079388027,0.325631537828916
10,500,9,0.02502770093269646,0.42243200598750263,0.4474597069201991,204.50559105818766,15,0.20456639654495595,0.31351197735161496
10,500,10,0.020417909952811897,0.3911369349807501,0.411554844933562,204.21180916459593,13,0.216427031877048,0.32120349288493627
10,1000,1,0.026289851986803114,0.3998865269823,0.4261763789691031,202.41441751455943,11,0.2555721708633158,0.31358369758293003
10,1000,2,0.022543768980540335,0.392849990981631,0.4153937599621713,201.03951435848057,15,0.23469646846020842,0.3359477722689229
10,1000,3,0.02680053503718227,0.373110129032284,0.3999106640694663,200.7583449578522,15,0.21176636822396283,0.32946911187293026
10,1000,4,0.025008672033436596,0.4194977950537577,0.4445064670871943,198.58502926791454,13,0.2559932488429831,0.3178587390391832
10,1000,5,0.007558376062661409,0.4033850849373266,0.410943460999988,200.82433534315365,28,0.23122749630396333,0.3348389563519396
10,1000,6,0.027253611013293266,0.44604540802538395,0.4732990190386772,199.93756057763787,24,0.16316677878954183,0.322213106044511
10,1000,7,0.026716568041592836,0.439138678018935,0.46585524606052786,201.44804989853444,17,0.2770017915713775,0.34545729595761154
10,1000,8,0.027150544920004904,0.42651152703911066,0.45366207195911556,199.09168085234958,22,0.25409153300566145,0.34726731728822224
10,1000,9,0.02637963800225407,0.4285427120048553,0.45492235000710934,201.1335180706039,12,0.22912012507127302,0.3005652444676549
10,1000,10,0.027302745962515473,0.44691723701544106,0.47421998297795653,201.38683468347435,23,0.2742100845003682,0.3291447218830946
10,2000,1,0.033935279003344476,0.37656039698049426,0.41049567598383874,198.38738430028533,33,0.24300118523297126,0.319393410033916
10,2000,2,0.03280341497156769,0.40802554599940777,0.44082896097097546,199.39151398656907,27,0.1972234885624803,0.33838471075073207
10,2000,3,0.0370083429152146,0.4097536130575463,0.4467619559727609,199.82118862301374,34,0.24793991215099365,0.3322187478801966
10,2000,4,0.03222991700749844,0.41362708795350045,0.4458570049609989,198.15796513835008,32,0.26331892214749825,0.32405256194223675
10,2000,5,0.036560134030878544,0.48815527802798897,0.5247154120588675,198.1050958481389,23,0.22148841462141095,0.3384793177649507
10,2000,6,0.026832053088583052,0.3944571389583871,0.42128919204697013,199.58169817685697,19,0.23038558433162865,0.3188137992783138
10,2000,7,0.035443022032268345,0.39958908990956843,0.4350321119418368,197.89606916630305,33,0.2536567831137114,0.32192936917010406
10,2000,8,0.030627819942310452,0.3966877571074292,0.42731557704973966,200.4756794423578,17,0.2658041603546257,0.36335060593757
10,2000,9,0.03123733401298523,0.37370549398474395,0.4049428279977292,199.72418563370127,19,0.16388979986404015,0.30700250221890696
10,2000,10,0.03645756805781275,0.41754040494561195,0.4539979730034247,200.17768375569975,32,0.19367754031969162,0.3195264984543841
10,5000,1,0.0649253650335595,0.39838692790362984,0.46331229293718934,197.54232821448187,27,0.18268788347720208,0.31174743351801626
10,5000,2,0.05911945307161659,0.4232561669778079,0.48237562004942447,197.52904994623273,27,0.2513830654032278,0.3346159135137473
10,5000,3,0.07570864399895072,0.4175746529363096,0.4932832969352603,196.64701484152877,51,0.2610127425960462,0.3487749631592982
10,5000,4,0.07445954298600554,0.3995797539828345,0.47403929696884006,196.38578676747886,34,0.2477003147544293,0.3394476646137565
10,5000,5,0.055316254030913115,0.43145647493656725,0.48677272896748036,197.16861785977477,21,0.2446785962724656,0.3271892362403594
10,5000,6,0.06571047299075872,0.4262837520800531,0.4919942250708118,200.1886766694604,70,0.2657253873895398,0.31210727338365385
10,5000,7,0.04974435700569302,0.41384294303134084,0.46358730003703386,198.18024468236507,26,0.21862423317306712,0.34914405316415126
10,5000,8,0.0530607890104875,0.4200549189699814,0.47311570798046887,199.63110543356206,28,0.2814466031095413,0.3366000925921649
10,5000,9,0.0639699479797855,0.4242364220554009,0.4882063700351864,197.3133919394993,57,0.24641031248205378,0.32016030650256444
10,5000,10,0.05216216808184981,0.39011266897432506,0.4422748370561749,196.46628008754683,39,0.1904617644626858,0.3117657075050206
10,10000,1,0.16402266500517726,0.34394595492631197,0.5079686199314892,199.03519734696664,35,0.2712382103584205,0.33489062148664855
10,10000,2,0.1381723340600729,0.34732782503124326,0.48550015909131616,196.04528913378581,35,0.2605625001814648,0.3456862535394114
10,10000,3,0.14975497091654688,0.37194076308514923,0.5216957340016961,196.73608004275118,53,0.25155193867785636,0.31241816503230496
10,10000,4,0.15476633899379522,0.4184273799182847,0.5731937189120799,197.48758061634632,63,0.1886562118105734,0.3203763538833662
10,10000,5,0.15023715095594525,0.48027980502229184,0.6305169559782371,196.88857813882453,57,0.192030704753483,0.3170340152015778
10,10000,6,0.13582239509560168,0.4710455929161981,0.6068679880117998,197.20006976447996,33,0.2520846735324025,0.31661280770860584
10,10000,7,0.13075691601261497,0.3878223899519071,0.5185793059645221,196.56196952520867,24,0.25788495068899386,0.3610259368314363
10,10000,8,0.1400151829002425,0.37628468009643257,0.5162998629966751,195.87720614140608,39,0.20207900658875058,0.34622714926521503
10,10000,9,0.13831824401859194,0.3743159099249169,0.5126341539435089,196.1466561837043,39,0.24878964048730245,0.34083814975247145
10,10000,10,0.13692023698240519,0.37089223600924015,0.5078124729916453,196.72496930064145,33,0.25572091430723487,0.3485958929253451
10,20000,1,0.1735207230085507,0.3451816349988803,0.518702358007431,196.97203170850153,28,0.24057450961165636,0.3143463304542713
10,20000,2,0.1913106399588287,0.35035788104869425,0.5416685210075229,196.6452390877378,49,0.19087740616533555,0.3191305219933902
10,20000,3,0.2645851670531556,0.34938231599517167,0.6139674830483273,196.9883441895982,149,0.24146702839912204,0.3146697990293935
10,20000,4,0.1972178959986195,0.3691711149876937,0.5663890109863132,196.27555327722322,59,0.25957013139443036,0.34820351860477367
10,20000,5,0.18548443901818246,0.38299002894200385,0.5684744679601863,196.38112173913186,42,0.1883558809037158,0.31442570501821165
10,20000,6,0.21824148099403828,0.3755035230424255,0.5937450040364638,197.08054716813868,32,0.24288181257545985,0.33757881671183754
10,20000,7,0.19626255903858691,0.37985860789194703,0.576121166930534,196.07640330439202,56,0.20235288316091277,0.34913191912044717
10,20000,8,0.18155327602289617,0.38176365301478654,0.5633169290376827,196.12845037089457,34,0.2599665476727188,0.34995030237053426
10,20000,9,0.18348056497052312,0.37856565008405596,0.5620462150545791,196.1003065537721,41,0.19167607117287425,0.3146557422704694
10,20000,10,0.254361554980278,0.3763380469754338,0.6306996019557118,196.27374057653475,92,0.25977063252165017,0.34703415871459226
17,500,1,0.02036180894356221,0.3789202100597322,0.3992820190032944,185.2850588687666,8,0.17294773077559014,0.3242395795199847
17,500,2,0.02562420698814094,0.40462141297757626,0.4302456199657172,188.68744218120787,8,0.2106298807302688,0.32129412554452524
17,500,3,0.023205935023725033,0.4111213249852881,0.4343272600090131,187.2474686071042,9,0.154792781523574,0.334340595165141
17,500,4,0.02309938392136246,0.5008434610208496,0.5239428449422121,186.5846318504645,12,0.17345039487229205,0.32456082020435045
17,500,5,0.0227150620194152,0.571754785021767,0.5944698470411822,187.30810997120392,9,0.17185154514494974,0.31151752743067057
17,500,6,0.026167007978074253,2.1236961679533124,2.1498631759313866,187.36803862651885,14,0.15326925928283927,0.3104317796759897
17,500,7,0.011372328968718648,0.38162678794469684,0.3929991169134155,184.08733977458712,13,0.17514975257448157,0.3407258648602593
17,500,8,0.03139747690875083,0.4041464750189334,0.43554395192768425,185.5975219593721,8,0.17367223176425917,0.3254085029243167
17,500,9,0.020788566092960536,0.45596025395207107,0.4767488200450316,185.5961890120792,8,0.17971830719212037,0.3170825083460236
17,500,10,0.025955138029530644,0.42262896802276373,0.4485841060522944,184.08173897715324,7,0.2148259576172603,0.344918298819505
17,1000,1,0.02791289403103292,0.41042436694260687,0.4383372609736398,180.38499818684397,15,0.14970816683922555,0.3067094789219582
17,1000,2,0.022569802938960493,0.39908722101245075,0.42165702395141125,181.77463080085064,15,0.16283960717864285,0.3067821627332538
17,1000,3,0.026421985938213766,0.3868992560310289,0.4133212419692427,182.60394827761004,14,0.15480097542900598,0.3232946543242903
17,1000,4,0.027933254023082554,0.39288394805043936,0.4208172020735219,180.5892623828436,18,0.19094012181753084,0.32747565744602736
17,1000,5,0.027324752998538315,0.40578369004651904,0.43310844304505736,182.7315153600676,13,0.16796252565611142,0.31971836971151085
17,1000,6,0.02782890701200813,0.42831404402386397,0.4561429510358721,181.20965415009113,16,0.1666929482677085,0.3125478840973137
17,1000,7,0.028011843911372125,0.4127539340406656,0.44076577795203775,179.8190347727672,19,0.21019368451561507,0.33637709926049947
17,1000,8,0.006965826964005828,0.3867412169929594,0.3937070439569652,183.12366064146732,16,0.1752925513358294,0.3419825120699854
17,1000,9,0.028459711000323296,0.4308577049523592,0.4593174159526825,182.99812279472636,17,0.18068544617455695,0.30261264716168335
17,1000,10,0.0235368279973045,0.4238462190842256,0.4473830470815301,180.7403153060993,16,0.1494226760588462,0.3046562757765223
17,2000,1,0.040443936944939196,0.3961860890267417,0.4366300259716809,177.4662858512524,18,0.18370110022381342,0.31713848567555847
17,2000,2,0.03459084499627352,0.3991193100810051,0.4337101550772786,178.6744908045554,21,0.16243010150163242,0.32100220928146644
17,2000,3,0.040550809004344046,0.42016529699321836,0.4607161059975624,178.69825755113862,21,0.15321065381409382,0.3092998207489441
17,2000,4,0.035750992014072835,0.5065619529923424,0.5423129450064152,178.44492791259808,20,0.1452201513043766,0.3026997362401388
17,2000,5,0.03654111793730408,0.5395468469941989,0.5760879649315029,177.39222085424697,25,0.18182211188252992,0.3392908692187613
17,2000,6,0.03928094694856554,0.3697285980451852,0.40900954499375075,179.89599717298188,36,0.14309579354704413,0.2959564955721024
17,2000,7,0.03593675303272903,0.3893396529601887,0.4252764059929177,180.47770285566267,25,0.14773298925192688,0.3242621307352568
17,2000,8,0.03628264693543315,0.39861112099606544,0.4348937679314986,178.9796223351936,37,0.1536191343354551,0.32743441640370535
17,2000,9,0.04219776298850775,0.4285218700533733,0.470719633041881,178.23145169927867,33,0.16495744994023737,0.3104500466301667
17,2000,10,0.03531506599392742,0.4563863549847156,0.491701420978643,179.68390753774835,27,0.15962704024996166,0.32312034535064044
17,5000,1,0.07032252405770123,0.39494160399772227,0.4652641280554235,176.25497124305406,41,0.1634908542948061,0.326120575553477
17,5000,2,0.06769260193686932,0.39569997298531234,0.46339257492218167,176.54230427830328,52,0.22075349673955347,0.3427073197452039
17,5000,3,0.07202666497323662,0.4061626049224287,0.47818926989566535,177.0249083850703,56,0.18668203512806447,0.32969852918179543
17,5000,4,0.06809360999614,0.39957369794137776,0.46766730793751776,177.12251344003153,49,0.15173434268855712,0.32589725212014753
17,5000,5,0.0625116570154205,0.52898823202122,0.5914998890366405,176.80345673382683,35,0.16760073783620316,0.3168681778892598
17,5000,6,0.0652824129210785,0.5155319659970701,0.5808143789181486,178.55827785505042,43,0.20362261942080087,0.3174733941140125
17,5000,7,0.06671829707920551,0.3961930879158899,0.46291138499509543,176.13462349742684,30,0.14931928620532306,0.32074886716076473
17,5000,8,0.064852962968871,0.4025421719998121,0.4673951349686831,176.17495102592093,38,0.16566951126522708,0.31418358890416
17,5000,9,0.04607266408856958,0.4243592289276421,0.4704318930162117,176.5356021577968,31,0.16148668938936012,0.3184433570407651
17,5000,10,0.06274687696713954,0.40931093704421073,0.4720578140113503,178.19023321814123,39,0.14926126909911494,0.3193317525692783
17,10000,1,0.12779942608904094,0.3826556939166039,0.5104551200056449,176.30952453881764,32,0.20185135094979306,0.32688972911412867
17,10000,2,0.15359450597316027,0.3842292570043355,0.5378237629774958,176.86137365993426,78,0.1502579276222598,0.31274306399290397
17,10000,3,0.13813877594657242,0.38639204401988536,0.5245308199664578,175.03778007394988,52,0.17281705376605047,0.32229379563277905
17,10000,4,0.187101655988954,0.3835509599884972,0.5706526159774512,176.09110107868284,40,0.1638831285925051,0.31725257542464275
17,10000,5,0.1718406790168956,0.395118071930483,0.5669587509473786,175.5619034509607,29,0.17006825185637223,0.3235551853506321
17,10000,6,0.18536710098851472,0.3867412480758503,0.572108349064365,175.42630827721806,54,0.17543863739367707,0.32697522735429996
17,10000,7,0.19492261903360486,0.38445067999418825,0.5793732990277931,177.05629103625398,94,0.21014812614955014,0.33834661214369477
17,10000,8,0.1938417819328606,0.3822452099993825,0.5760869919322431,175.4921119694523,89,0.18574213898993336,0.3378499894870399
17,10000,9,0.21002210804726928,0.38813422294333577,0.5981563309906051,176.3550031769874,35,0.19978135404812497,0.3326201326097541
17,10000,10,0.18281385395675898,0.38188000104855746,0.5646938550053164,177.2119662417071,71,0.14751347099478956,0.313882736961779
17,20000,1,0.2582857379456982,0.3576249680481851,0.6159107059938833,175.41012421553947,76,0.17815684554175298,0.3349633176314482
17,20000,2,0.2731558720115572,0.3680112400325015,0.6411671120440587,174.96012696765544,46,0.15998775499057508,0.3137839948414644
17,20000,3,0.2385531790787354,0.4431506139226258,0.6817037930013612,175.20342767328353,51,0.17772802224328677,0.33036607147522284
17,20000,4,0.2821509169880301,0.4174577969824895,0.6996087139705196,175.00546615107623,112,0.16834641469777506,0.31382618635252446
17,20000,5,0.2849588489625603,0.48778419208247215,0.7727430410450324,176.4013046876042,47,0.1533610834720633,0.3272647441345285
17,20000,6,0.33134761499240994,1.2174937699455768,1.5488413849379867,175.5139583679777,84,0.15708775629506025,0.3271595359346522
17,20000,7,0.3269276140490547,0.4123749650316313,0.739302579080686,175.33183425757582,74,0.15096730243031015,0.31999366703870064
17,20000,8,0.3829249560367316,0.3841472869971767,0.7670722430339083,175.00964792528836,59,0.17184601338074487,0.3254875807236348
17,20000,9,0.27808388601988554,0.3910991749726236,0.6691830609925091,175.6655071933636,80,0.1836033715626638,0.3302800873491665
17,20000,10,0.2248812869656831,0.3901027360698208,0.6149840230355039,174.9212838342906,34,0.1690164947879753,0.3206186775592702
20,500,1,0.031609027995727956,0.3790915480349213,0.41070057603064924,183.05263908035226,11,0.16309102834380595,0.3230894611668017
20,500,2,0.022281181998550892,0.3993950259173289,0.4216762079158798,183.67132994221654,15,0.17146518098463542,0.3157681937525546
20,500,3,0.02623153501190245,0.4076212529325858,0.4338527879444882,182.24824643728516,12,0.1319885439766397,0.3193475913563915
20,500,4,0.026707374956458807,0.4338642950169742,0.460571669973433,180.34728602575774,19,0.1548894405344178,0.3267786448199916
20,500,5,0.02063879498746246,0.5015140529721975,0.52215284795966,181.05132537148376,10,0.14834449090833385,0.3133413948732733
20,500,6,0.025233573047444224,0.5347826540237293,0.5600162270711735,183.52582305138662,7,0.14130270396931066,0.31005944292742676
20,500,7,0.026395572000183165,0.39061010896693915,0.4170056809671223,181.1957985570379,11,0.1651064108306939,0.32810936318945827
20,500,8,0.025831026956439018,0.41028060705866665,0.43611163401510566,181.8952818703265,7,0.14925316331057176,0.31376396420004526
20,500,9,0.026184181915596128,0.41351089801173657,0.4396950799273327,181.48363744687333,9,0.16610534515695644,0.31744472428839704
20,500,10,0.019324023043736815,0.41333838691934943,0.43266240996308625,179.18346814449316,11,0.18484078864066922,0.34114233212936707
20,1000,1,0.024429123965092003,0.39869009295944124,0.42311921692453325,173.13246545455962,28,0.14994046554511117,0.3209052049918207
20,1000,2,0.022523437975905836,0.4057114460738376,0.4282348840497434,176.19989732030805,12,0.1652090927595484,0.3172183309362987
20,1000,3,0.02678310906048864,0.4222084489883855,0.44899155804887414,177.66609168836,13,0.14998534861499765,0.32623206983318215
20,1000,4,0.028322038939222693,0.40957985597196966,0.43790189491119236,175.4021935310699,20,0.15937243021849656,0.32118103218254807
20,1000,5,0.028336351038888097,0.38457040302455425,0.41290675406344235,177.73666612309785,19,0.14367226919878406,0.30744514286647384
20,1000,6,0.02800393698271364,0.41507054097019136,0.443074477952905,176.16083807607333,15,0.1351803512416049,0.300010303754307
20,1000,7,0.03321656200569123,0.386963376076892,0.42017993808258325,173.82207646095168,14,0.17726808749371561,0.32826830326980777
20,1000,8,0.024101048009470105,0.4214422389632091,0.4455432869726792,178.0761898774395,19,0.16689920379448894,0.33215491204382996
20,1000,9,0.028345425031147897,0.4074301809305325,0.4357756059616804,176.24858572485488,21,0.14534567363016265,0.3145992827443057
20,1000,10,0.022955994005315006,0.42799722601193935,0.45095322001725435,177.01729564848958,21,0.1439448614436345,0.3002183523352555
20,2000,1,0.040767867933027446,0.39376250107306987,0.4345303690060973,171.98006013328924,31,0.16802435373283167,0.3137559891554622
20,2000,2,0.04336271504871547,0.3827821769518778,0.42614489200059325,172.2430421351502,34,0.14275894411312062,0.3207724638365352
20,2000,3,0.03704389603808522,0.4031453939387575,0.4401892899768427,170.65488992647377,21,0.15884299895821324,0.3261029763592975
20,2000,4,0.03654735302552581,0.4406082039931789,0.4771555570187047,172.69228572399453,36,0.13878203065376885,0.31408474133320635
20,2000,5,0.03832332289312035,0.3820571800461039,0.42038050293922424,171.8849972727881,30,0.15507637537085253,0.33156508415507696
20,2000,6,0.04230234900023788,0.43499559396877885,0.47729794296901673,173.39643936023097,50,0.1496146956172445,0.31503080976927145
20,2000,7,0.037440837011672556,0.4213492799317464,0.458790116943419,173.24929588338748,38,0.12711412479174333,0.3119439782164662
20,2000,8,0.036971164983697236,0.43126730900257826,0.4682384739862755,174.40641641873944,23,0.14397782352806668,0.3210627879656543
20,2000,9,0.03735692996997386,0.4255992460530251,0.462956176022999,173.7359643704059,29,0.15196604089934232,0.31250283839148374
20,2000,10,0.04172845999710262,0.44346055504865944,0.48518901504576206,172.74755484954093,18,0.15018300341913118,0.3163082950357423
20,5000,1,0.06470152596011758,0.3948556670220569,0.45955719298217446,170.3736373662224,24,0.14410242392670738,0.3314030646975103
20,5000,2,0.06775214499793947,0.39292808901518583,0.4606802340131253,169.89368146098028,34,0.17074581979179412,0.33962843935035714
20,5000,3,0.08733760891482234,0.3879685390274972,0.4753061479423195,170.72082248853908,75,0.16113047591001928,0.33450843713079237
20,5000,4,0.11347605602350086,0.3988506559981033,0.5123267120216042,170.19617009171247,52,0.14030935360096988,0.318438957126078
20,5000,5,0.06251937197521329,0.37641673907637596,0.43893611105158925,171.13502381770758,27,0.14707298684903267,0.3112002208998906
20,5000,6,0.04968989605549723,0.4147156869294122,0.4644055829849094,170.96241255510674,32,0.19710292365829438,0.34120387919123707
20,5000,7,0.08586788398679346,0.38979924097657204,0.4756671249633655,170.62505103599693,58,0.1487008659600899,0.3349781541732147
20,5000,8,0.0670185990165919,0.42473201896063983,0.49175061797723174,170.69299739071303,36,0.15167750278683745,0.31316617851289413
20,5000,9,0.06979819689877331,0.4225388690829277,0.492337065981701,171.3210974939654,42,0.15021837987107833,0.3198708283645118
20,5000,10,0.06921287102159113,0.4135466649895534,0.4827595360111445,170.20355898979795,33,0.15733149263625062,0.3338244674543474
20,10000,1,0.1713801670121029,0.34811406093649566,0.5194942279485986,170.77096098681113,33,0.20522406911609367,0.33643815586474385
20,10000,2,0.2123907069908455,0.3505864749895409,0.5629771819803864,170.68043672379753,100,0.14110405443234417,0.3156001724280536
20,10000,3,0.18049726099707186,0.35614768404047936,0.5366449450375512,169.4281172360803,45,0.17239925639417167,0.31943786580196715
20,10000,4,0.24212157004512846,0.37697134993504733,0.6190929199801758,170.26852019445442,45,0.14772871556751252,0.3109486984174843
20,10000,5,0.19957713701296598,0.38388412701897323,0.5834612640319392,169.3276626456008,79,0.1419959688151565,0.3174057930391257
20,10000,6,0.18576854199636728,0.3809856279985979,0.5667541699949652,170.04183454905302,54,0.16770820586229757,0.3270034849069986
20,10000,7,0.234795527998358,0.38370857993140817,0.6185041079297662,169.59775197288727,34,0.1774135608205273,0.3330500239950763
20,10000,8,0.22236708097625524,0.38563487003557384,0.6080019510118291,171.07706974307519,78,0.17703661267200171,0.3324661755908595
20,10000,9,0.20057575998362154,0.37800450797658414,0.5785802679602057,169.67952384332344,78,0.17404751253845505,0.3286141049559412
20,10000,10,0.17316837701946497,0.3804502310231328,0.5536186080425978,169.73500521867513,34,0.15649288578593237,0.3262136455579647
20,20000,1,0.3086056779138744,0.3493111380375922,0.6579168159514666,169.38756916487984,71,0.15956865697964331,0.32994361040092157
20,20000,2,0.3048940780572593,0.3575702019734308,0.6624642800306901,168.79048759488174,105,0.15265363843793733,0.31540762736018607
20,20000,3,0.2668352769687772,0.37846680998336524,0.6453020869521424,168.72671556768253,55,0.15638971442633454,0.3272397765399034
20,20000,4,0.288858330110088,0.46018445293884724,0.7490427830489352,168.9679771260555,92,0.15717263322197547,0.3244197660976525
20,20000,5,0.2804225580766797,0.5136640729615465,0.7940866310382262,170.49422061701915,58,0.14005321061697146,0.3205548611092855
20,20000,6,0.23234834196045995,0.4764348471071571,0.7087831890676171,169.52849367684072,51,0.14174022462057032,0.3264060141421476
20,20000,7,0.25997757306322455,0.35564742295537144,0.615624996018596,169.64993880987637,48,0.14119652252048612,0.32407704510458785
20,20000,8,0.26939294405747205,0.378714676015079,0.6481076200725511,169.10188626599285,61,0.15571573653424714,0.3194759295028552
20,20000,9,0.26864001411013305,0.37948709388729185,0.6481271079974249,168.93574400710173,62,0.17608970805032448,0.33341737148278444
20,20000,10,0.2657781830057502,0.38009509397670627,0.6458732769824564,168.82077634067537,57,0.14886109473584452,0.3211781547826388
