k,sample_size,seed_a,seed_b,stability_ari
10,500,1,2,0.4477337167538462
10,500,1,3,0.4561343943812989
10,500,1,4,0.5583932149509726
10,500,1,5,0.4895111500529857
10,500,1,6,0.5410834597996871
10,500,1,7,0.42836595352143847
10,500,1,8,0.49009857627161835
10,500,1,9,0.4794838744767986
10,500,1,10,0.5000573072145578
10,500,2,3,0.4070281135586337
10,500,2,4,0.48296365563540755
10,500,2,5,0.39254130301994816
10,500,2,6,0.5097727074662626
10,500,2,7,0.4599434160330841
10,500,2,8,0.3672441677057428
10,500,2,9,0.4199395325197199
10,500,2,10,0.5102807269638093
10,500,3,4,0.49124141082110295
10,500,3,5,0.49785856543452134
10,500,3,6,0.5228802798424673
10,500,3,7,0.49836037453382975
10,500,3,8,0.4949474830212758
10,500,3,9,0.579788446533989
10,500,3,10,0.5404554175214019
10,500,4,5,0.5089212678906705
10,500,4,6,0.5535598613744248
10,500,4,7,0.45530660442353416
10,500,4,8,0.4810562695652233
10,500,4,9,0.4700091623443835
10,500,4,10,0.5225664273905277
10,500,5,6,0.4747109118654237
10,500,5,7,0.4404392126977473
10,500,5,8,0.6502512049281063
10,500,5,9,0.4775965946608322
10,500,5,10,0.46288216592057674
10,500,6,7,0.507925822514304
10,500,6,8,0.47559487138225304
10,500,6,9,0.5631511904573524
10,500,6,10,0.5519487652294066
10,500,7,8,0.4278070630266753
10,500,7,9,0.4461452078339277
10,500,7,10,0.4283951232977803
10,500,8,9,0.4992982417205101
10,500,8,10,0.4458496603058383
10,500,9,10,0.5237859907642307
10,1000,1,2,0.45653600091285773
10,1000,1,3,0.512817560738995
10,1000,1,4,0.6841211788733734
10,1000,1,5,0.6474368896806
10,1000,1,6,0.4579602979030082
10,1000,1,7,0.6190552312650442
10,1000,1,8,0.5879779157146026
10,1000,1,9,0.44797425165543936
10,1000,1,10,0.6469632989314038
10,1000,2,3,0.6270188542095283
10,1000,2,4,0.5031040741505718
10,1000,2,5,0.4983053250250194
10,1000,2,6,0.5442857778277153
10,1000,2,7,0.49933975435679007
10,1000,2,8,0.5254504405919647
10,1000,2,9,0.6168680133901839
10,1000,2,10,0.5297561185733318
10,1000,3,4,0.578626930673349
10,1000,3,5,0.5333001725165875
10,1000,3,6,0.5930767937590046
10,1000,3,7,0.5005243757532476
10,1000,3,8,0.5199967454723294
10,1000,3,9,0.5529087789619695
10,1000,3,10,0.5613138048926835
10,1000,4,5,0.665579553781777
10,1000,4,6,0.5341896634384238
10,1000,4,7,0.5901876742256883
10,1000,4,8,0.6463305458337224
10,1000,4,9,0.5186746459413538
10,1000,4,10,0.6383249979593458
10,1000,5,6,0.5144288797013431
10,1000,5,7,0.616145740809558
10,1000,5,8,0.6514157048774912
10,1000,5,9,0.429564273472303
10,1000,5,10,0.6010412984396651
10,1000,6,7,0.4719211800400223
10,1000,6,8,0.5328299364852254
10,1000,6,9,0.5721050379678922
10,1000,6,10,0.5136503094039256
10,1000,7,8,0.6376463642647278
10,1000,7,9,0.4258893776040456
10,1000,7,10,0.6344667935885088
10,1000,8,9,0.46241007858868544
10,1000,8,10,0.5608839025152509
10,1000,9,10,0.4899794006103635
10,2000,1,2,0.5436328839496252
10,2000,1,3,0.6028799794541648
10,2000,1,4,0.6429860323699336
10,2000,1,5,0.616711312334074
10,2000,1,6,0.6396010771369852
10,2000,1,7,0.6777159910787671
10,2000,1,8,0.5170078249186789
10,2000,1,9,0.51831514480726
10,2000,1,10,0.4902307421952738
10,2000,2,3,0.549375792033065
10,2000,2,4,0.5622402102951177
10,2000,2,5,0.5067647208906344
10,2000,2,6,0.5235015417783058
10,2000,2,7,0.54831441500006
10,2000,2,8,0.5416963625751617
10,2000,2,9,0.5490316212550224
10,2000,2,10,0.5501663343675397
10,2000,3,4,0.5341364390158178
10,2000,3,5,0.5734331952745064
10,2000,3,6,0.6622102742836888
10,2000,3,7,0.5306978006533405
10,2000,3,8,0.5294410701244658
10,2000,3,9,0.4470342944241234
10,2000,3,10,0.45562762020193776
10,2000,4,5,0.5273509737814069
10,2000,4,6,0.6347559306163683
10,2000,4,7,0.7488062196169112
10,2000,4,8,0.5805454186228673
10,2000,4,9,0.5152116745351233
10,2000,4,10,0.5439140425383461
10,2000,5,6,0.5418456551511834
10,2000,5,7,0.53084431189424
10,2000,5,8,0.504377162837939
10,2000,5,9,0.4682320901391063
10,2000,5,10,0.5748412119812627
10,2000,6,7,0.6118258376685193
10,2000,6,8,0.4794019453639022
10,2000,6,9,0.47487130863812016
10,2000,6,10,0.5160185354914032
10,2000,7,8,0.5976029069987157
10,2000,7,9,0.49376678065935403
10,2000,7,10,0.5342227939126322
10,2000,8,9,0.5607087751451961
10,2000,8,10,0.5046115697585507
10,2000,9,10,0.5327340396318667
10,5000,1,2,0.6742890690074429
10,5000,1,3,0.5962255675053131
10,5000,1,4,0.723323551757386
10,5000,1,5,0.6261255570087226
10,5000,1,6,0.6060438484979286
10,5000,1,7,0.532474945286874
10,5000,1,8,0.5931174648001964
10,5000,1,9,0.6238519729349457
10,5000,1,10,0.729559071675278
10,5000,2,3,0.7490308815605926
10,5000,2,4,0.7427464951429453
10,5000,2,5,0.7962141064825756
10,5000,2,6,0.6982180308285211
10,5000,2,7,0.6414528903536515
10,5000,2,8,0.6434585648028897
10,5000,2,9,0.7479022284268952
10,5000,2,10,0.6788885191297175
10,5000,3,4,0.7414412460619787
10,5000,3,5,0.7111075226976137
10,5000,3,6,0.6600504957884221
10,5000,3,7,0.619102006780921
10,5000,3,8,0.6670358655769494
10,5000,3,9,0.6801396877995971
10,5000,3,10,0.6304110868788315
10,5000,4,5,0.7114120062268097
10,5000,4,6,0.6735926744133551
10,5000,4,7,0.6236501879002184
10,5000,4,8,0.7383196800459567
10,5000,4,9,0.7026581776518738
10,5000,4,10,0.7420310503074685
10,5000,5,6,0.701228379780803
10,5000,5,7,0.6338777498002142
10,5000,5,8,0.6077288482399982
10,5000,5,9,0.8272070434451483
10,5000,5,10,0.638996109048295
10,5000,6,7,0.5424671513661306
10,5000,6,8,0.6779530734870385
10,5000,6,9,0.7273002679813
10,5000,6,10,0.635480417712683
10,5000,7,8,0.5385114734743452
10,5000,7,9,0.5963523616110822
10,5000,7,10,0.6212818631444941
10,5000,8,9,0.6178987831857399
10,5000,8,10,0.6436904656638118
10,5000,9,10,0.6468384574338749
10,10000,1,2,0.7840590035441891
10,10000,1,3,0.7083031267340995
10,10000,1,4,0.5357874882744313
10,10000,1,5,0.5522993410579525
10,10000,1,6,0.7015219778275752
10,10000,1,7,0.7131878500521135
10,10000,1,8,0.6525204254955628
10,10000,1,9,0.7903596592889032
10,10000,1,10,0.7705234189657569
10,10000,2,3,0.8123198097870425
10,10000,2,4,0.5893625795874199
10,10000,2,5,0.5986625822954972
10,10000,2,6,0.7823317445390312
10,10000,2,7,0.8206238030173507
10,10000,2,8,0.7680051260148777
10,10000,2,9,0.8972218183195451
10,10000,2,10,0.7835347337276855
10,10000,3,4,0.6290430577216004
10,10000,3,5,0.6994491803604743
10,10000,3,6,0.7642853632111124
10,10000,3,7,0.6969540238451114
10,10000,3,8,0.6511477051713361
10,10000,3,9,0.7775137535075065
10,10000,3,10,0.7074121540158835
10,10000,4,5,0.794083884239907
10,10000,4,6,0.5841155347784565
10,10000,4,7,0.5828203130485587
10,10000,4,8,0.6346468623914802
10,10000,4,9,0.5825798037541583
10,10000,4,10,0.626647453457498
10,10000,5,6,0.6096587069381111
10,10000,5,7,0.6006190492058174
10,10000,5,8,0.651184834720602
10,10000,5,9,0.5949765532401297
10,10000,5,10,0.6472831126141201
10,10000,6,7,0.7445669542622901
10,10000,6,8,0.6283797244019514
10,10000,6,9,0.7833938129789599
10,10000,6,10,0.6880395728913414
10,10000,7,8,0.7447704475018295
10,10000,7,9,0.81564805767325
10,10000,7,10,0.7698929272642191
10,10000,8,9,0.7471192518814482
10,10000,8,10,0.751427799518701
10,10000,9,10,0.767790240721031
10,20000,1,2,0.6693210386291834
10,20000,1,3,0.9280299495715031
10,20000,1,4,0.7337790723372702
10,20000,1,5,0.7518220842175224
10,20000,1,6,0.7498032274664796
10,20000,1,7,0.6472247715680628
10,20000,1,8,0.7063169309306714
10,20000,1,9,0.7741556906661604
10,20000,1,10,0.7452862271503259
10,20000,2,3,0.6602487007352471
10,20000,2,4,0.6877747086176572
10,20000,2,5,0.7779024788240978
10,20000,2,6,0.6367124704104415
10,20000,2,7,0.7919443196180523
10,20000,2,8,0.6014726616498355
10,20000,2,9,0.6547888645900521
10,20000,2,10,0.7683705041206659
10,20000,3,4,0.7273742452617824
10,20000,3,5,0.7622960211088646
10,20000,3,6,0.7390403806267719
10,20000,3,7,0.6454045037714351
10,20000,3,8,0.7128057475215587
10,20000,3,9,0.7747690486589262
10,20000,3,10,0.736518802863439
10,20000,4,5,0.6125079568491204
10,20000,4,6,0.7330429369225543
10,20000,4,7,0.7289690845797536
10,20000,4,8,0.7968532309354077
10,20000,4,9,0.6423991602480881
10,20000,4,10,0.869926754425671
10,20000,5,6,0.669880169732705
10,20000,5,7,0.7563824849761206
10,20000,5,8,0.6271820601613026
10,20000,5,9,0.7968675698500373
10,20000,5,10,0.6278146284227214
10,20000,6,7,0.6670367320562447
10,20000,6,8,0.7563627000352746
10,20000,6,9,0.6941999200857994
10,20000,6,10,0.7606766190486536
10,20000,7,8,0.6972187807631999
10,20000,7,9,0.6463603129304779
10,20000,7,10,0.7438623072904185
10,20000,8,9,0.6432636008066797
10,20000,8,10,0.7791028139990638
10,20000,9,10,0.6540775927938333
17,500,1,2,0.4228973287551244
17,500,1,3,0.4451446670976809
17,500,1,4,0.4719308363100462
17,500,1,5,0.4300928107467335
17,500,1,6,0.4361076307179147
17,500,1,7,0.4578870792139528
17,500,1,8,0.5331680088203794
17,500,1,9,0.46400495145214643
17,500,1,10,0.4432706650355553
17,500,2,3,0.39367674751436155
17,500,2,4,0.4147552275524528
17,500,2,5,0.38885101999082194
17,500,2,6,0.395484554608864
17,500,2,7,0.40971380803010204
17,500,2,8,0.4126718558335432
17,500,2,9,0.46031441866968426
17,500,2,10,0.4441829658091229
17,500,3,4,0.423758730518062
17,500,3,5,0.4655316920938063
17,500,3,6,0.4411940001912159
17,500,3,7,0.49556830088216863
17,500,3,8,0.40380488027885225
17,500,3,9,0.43369578328637504
17,500,3,10,0.4920667740127387
17,500,4,5,0.3978611439455279
17,500,4,6,0.4346329346903998
17,500,4,7,0.4651254447562502
17,500,4,8,0.39545693281016264
17,500,4,9,0.43825155744069344
17,500,4,10,0.47427068949343115
17,500,5,6,0.3684654791677553
17,500,5,7,0.41205348974068
17,500,5,8,0.44286450499814894
17,500,5,9,0.3741107966760646
17,500,5,10,0.42639940951334615
17,500,6,7,0.4667810674317815
17,500,6,8,0.4199618271087293
17,500,6,9,0.404245050903267
17,500,6,10,0.4059167000474422
17,500,7,8,0.43140811246218136
17,500,7,9,0.4253917295334581
17,500,7,10,0.46322681865037024
17,500,8,9,0.44612141760346874
17,500,8,10,0.43611302615123976
17,500,9,10,0.4753989892415172
17,1000,1,2,0.47375960790245647
17,1000,1,3,0.4131439201519749
17,1000,1,4,0.5037346993154931
17,1000,1,5,0.40299343423932393
17,1000,1,6,0.4741963846697268
17,1000,1,7,0.47000636732627327
17,1000,1,8,0.4640373143932581
17,1000,1,9,0.4449344467027871
17,1000,1,10,0.47811738797695913
17,1000,2,3,0.41046972248258046
17,1000,2,4,0.3943235008883702
17,1000,2,5,0.462631762710421
17,1000,2,6,0.4818393605954205
17,1000,2,7,0.4087323217765481
17,1000,2,8,0.424953840115379
17,1000,2,9,0.3885149867209134
17,1000,2,10,0.4550430026637715
17,1000,3,4,0.4253520655009746
17,1000,3,5,0.4306899727108384
17,1000,3,6,0.4537851726547281
17,1000,3,7,0.4413447136228897
17,1000,3,8,0.46365418464933067
17,1000,3,9,0.3844215550845221
17,1000,3,10,0.4682957267522052
17,1000,4,5,0.4464778055717069
17,1000,4,6,0.4449870815073401
17,1000,4,7,0.45523786020885254
17,1000,4,8,0.43751143592355285
17,1000,4,9,0.46144167091423166
17,1000,4,10,0.47343301014451056
17,1000,5,6,0.42573676264830584
17,1000,5,7,0.4858232631065781
17,1000,5,8,0.41091665407816136
17,1000,5,9,0.454875580028926
17,1000,5,10,0.4239599778699403
17,1000,6,7,0.4754712365775889
17,1000,6,8,0.3724145707405339
17,1000,6,9,0.4137943052745222
17,1000,6,10,0.5706173861682812
17,1000,7,8,0.39111488075661177
17,1000,7,9,0.5354406283079762
17,1000,7,10,0.4684079173065567
17,1000,8,9,0.345840248921098
17,1000,8,10,0.3582653265598769
17,1000,9,10,0.4267279647168415
17,2000,1,2,0.5351031952213531
17,2000,1,3,0.5574333019130184
17,2000,1,4,0.5444037618021967
17,2000,1,5,0.6323056983542832
17,2000,1,6,0.49027770157381895
17,2000,1,7,0.5313170415362793
17,2000,1,8,0.5460324731156329
17,2000,1,9,0.562588322799913
17,2000,1,10,0.4513160160477031
17,2000,2,3,0.5207015536548827
17,2000,2,4,0.4483710336948159
17,2000,2,5,0.4978492535641479
17,2000,2,6,0.5476112658360048
17,2000,2,7,0.5489992481596093
17,2000,2,8,0.473694719468299
17,2000,2,9,0.5636080992678039
17,2000,2,10,0.43104794960558523
17,2000,3,4,0.5661531858048141
17,2000,3,5,0.5037175658049472
17,2000,3,6,0.5190875336470773
17,2000,3,7,0.5163888382757619
17,2000,3,8,0.5074408034756669
17,2000,3,9,0.47747244159410074
17,2000,3,10,0.45607860685691065
17,2000,4,5,0.5407120137967115
17,2000,4,6,0.48342275798868745
17,2000,4,7,0.5064379012402874
17,2000,4,8,0.4867580331828496
17,2000,4,9,0.4617276665762325
17,2000,4,10,0.451488305708132
17,2000,5,6,0.4654471906273804
17,2000,5,7,0.4800070460691607
17,2000,5,8,0.5293387230807833
17,2000,5,9,0.5145869218983092
17,2000,5,10,0.4418041310653883
17,2000,6,7,0.47744828162723246
17,2000,6,8,0.44457982539967056
17,2000,6,9,0.5648581662996984
17,2000,6,10,0.39721265780425696
17,2000,7,8,0.4420399125570197
17,2000,7,9,0.4651406318688988
17,2000,7,10,0.42319543182159436
17,2000,8,9,0.4642895468500129
17,2000,8,10,0.5589091024791305
17,2000,9,10,0.4878878239061253
17,5000,1,2,0.5301376122702895
17,5000,1,3,0.5302644434958862
17,5000,1,4,0.6333653758945386
17,5000,1,5,0.6650734733438213
17,5000,1,6,0.4892826690862137
17,5000,1,7,0.6335053103261212
17,5000,1,8,0.6085670609758864
17,5000,1,9,0.7152669462282479
17,5000,1,10,0.5474380269894352
17,5000,2,3,0.5590872039485327
17,5000,2,4,0.5001124929130292
17,5000,2,5,0.5445115752668581
17,5000,2,6,0.665614763312478
17,5000,2,7,0.4896097792267901
17,5000,2,8,0.5569759549188843
17,5000,2,9,0.5087949279175885
17,5000,2,10,0.4602147133514995
17,5000,3,4,0.4430102031672439
17,5000,3,5,0.4693561623781216
17,5000,3,6,0.5116627748658958
17,5000,3,7,0.5628243238062015
17,5000,3,8,0.4641680571480272
17,5000,3,9,0.5755017392551017
17,5000,3,10,0.4856717788918889
17,5000,4,5,0.5367476472223118
17,5000,4,6,0.461658907004351
17,5000,4,7,0.5710852494638505
17,5000,4,8,0.5732566871210543
17,5000,4,9,0.5747273276610937
17,5000,4,10,0.5097037464006959
17,5000,5,6,0.5377714016655428
17,5000,5,7,0.5033355604293762
17,5000,5,8,0.6337846738465092
17,5000,5,9,0.6032472111164779
17,5000,5,10,0.5364131333748142
17,5000,6,7,0.4524725706317077
17,5000,6,8,0.5215210081416479
17,5000,6,9,0.4779421868557611
17,5000,6,10,0.5022944295657971
17,5000,7,8,0.5914445415688735
17,5000,7,9,0.6687425156783023
17,5000,7,10,0.5733124452881488
17,5000,8,9,0.5827764808702247
17,5000,8,10,0.4930563736718628
17,5000,9,10,0.5502203089187729
17,10000,1,2,0.4917369463984727
17,10000,1,3,0.681304287078168
17,10000,1,4,0.5181086143619649
17,10000,1,5,0.5829573776745952
17,10000,1,6,0.6858308327008571
17,10000,1,7,0.5157150981768355
17,10000,1,8,0.6830426071946497
17,10000,1,9,0.571075084107492
17,10000,1,10,0.5348871939708734
17,10000,2,3,0.6089198133191737
17,10000,2,4,0.5502898241398759
17,10000,2,5,0.5721040091514759
17,10000,2,6,0.6100994498578183
17,10000,2,7,0.4229835911122778
17,10000,2,8,0.5620522241131031
17,10000,2,9,0.48977998070727236
17,10000,2,10,0.618858994478146
17,10000,3,4,0.5663321944669174
17,10000,3,5,0.6360360172218259
17,10000,3,6,0.7638344702616503
17,10000,3,7,0.5738161209254937
17,10000,3,8,0.6900640014112719
17,10000,3,9,0.6274291586118131
17,10000,3,10,0.5323055736559998
17,10000,4,5,0.6033388523228015
17,10000,4,6,0.5695621288388697
17,10000,4,7,0.4963053112004529
17,10000,4,8,0.550847224977083
17,10000,4,9,0.4721291353052672
17,10000,4,10,0.6469263393701026
17,10000,5,6,0.5917723436266167
17,10000,5,7,0.5462970995572661
17,10000,5,8,0.6782511251916374
17,10000,5,9,0.578569881068363
17,10000,5,10,0.5439966907435626
17,10000,6,7,0.5234500568657509
17,10000,6,8,0.6954818738790419
17,10000,6,9,0.5971171963565874
17,10000,6,10,0.5530142568573185
17,10000,7,8,0.5376482912459171
17,10000,7,9,0.6198054733937945
17,10000,7,10,0.42005695577509256
17,10000,8,9,0.6158110465117861
17,10000,8,10,0.5980875723660583
17,10000,9,10,0.4178175358845953
17,20000,1,2,0.6109326419982146
17,20000,1,3,0.6510932091676944
17,20000,1,4,0.7684980735091326
17,20000,1,5,0.6236559563889158
17,20000,1,6,0.6061402414779211
17,20000,1,7,0.7658673098244927
17,20000,1,8,0.7239562974314603
17,20000,1,9,0.6597211894552811
17,20000,1,10,0.7628933447605606
17,20000,2,3,0.6744558562756511
17,20000,2,4,0.7063095741039219
17,20000,2,5,0.6790106136478138
17,20000,2,6,0.7175681269619386
17,20000,2,7,0.6482474979757283
17,20000,2,8,0.6892885041667874
17,20000,2,9,0.6357896467660409
17,20000,2,10,0.6289621295068194
17,20000,3,4,0.6578481816597829
17,20000,3,5,0.5762737677014915
17,20000,3,6,0.6156137086890544
17,20000,3,7,0.634796939050978
17,20000,3,8,0.7053149457437449
17,20000,3,9,0.7029298191561106
17,20000,3,10,0.6962383476016246
17,20000,4,5,0.5969768548196651
17,20000,4,6,0.6177058877501952
17,20000,4,7,0.6729002659104028
17,20000,4,8,0.7273197839668564
17,20000,4,9,0.7184587238273179
17,20000,4,10,0.756360158096888
17,20000,5,6,0.660758380261426
17,20000,5,7,0.6723284842713738
17,20000,5,8,0.6272055484724418
17,20000,5,9,0.6857393512653543
17,20000,5,10,0.616483710213609
17,20000,6,7,0.5929717862635866
17,20000,6,8,0.7441703917770601
17,20000,6,9,0.6337423105427038
17,20000,6,10,0.6161222612035038
17,20000,7,8,0.6574961947719044
17,20000,7,9,0.5771619101932889
17,20000,7,10,0.7099944659469427
17,20000,8,9,0.6827854467729515
17,20000,8,10,0.757872772321629
17,20000,9,10,0.696636644733409
20,500,1,2,0.43642834481478854
20,500,1,3,0.3949629055938514
20,500,1,4,0.4316077944543108
20,500,1,5,0.4654092948675547
20,500,1,6,0.4138911062803325
20,500,1,7,0.42480013857688725
20,500,1,8,0.5012156615640381
20,500,1,9,0.4153455467228575
20,500,1,10,0.4094367023913572
20,500,2,3,0.3669716274047403
20,500,2,4,0.42907199341187563
20,500,2,5,0.3950094956255385
20,500,2,6,0.405937833458505
20,500,2,7,0.3495986376349877
20,500,2,8,0.3900743041466992
20,500,2,9,0.40999504683274396
20,500,2,10,0.3805093448809033
20,500,3,4,0.38630193167351484
20,500,3,5,0.4356038523524488
20,500,3,6,0.3924327737636398
20,500,3,7,0.3984062463349431
20,500,3,8,0.3495884384287066
20,500,3,9,0.36993273998124465
20,500,3,10,0.4749388330293396
20,500,4,5,0.4140672320737421
20,500,4,6,0.41335167244699245
20,500,4,7,0.4624620856147552
20,500,4,8,0.3519823624643574
20,500,4,9,0.4217891363142246
20,500,4,10,0.445679395630646
20,500,5,6,0.43265477943313535
20,500,5,7,0.4174765463438722
20,500,5,8,0.41924907400309575
20,500,5,9,0.3878508868325794
20,500,5,10,0.4422256325574219
20,500,6,7,0.40295442358342903
20,500,6,8,0.3813337490329678
20,500,6,9,0.38777254660230276
20,500,6,10,0.3888647413702017
20,500,7,8,0.3744953772374894
20,500,7,9,0.4178665957603753
20,500,7,10,0.45589121391960613
20,500,8,9,0.39738456656342147
20,500,8,10,0.3829165781571586
20,500,9,10,0.45695310091066704
20,1000,1,2,0.5083466770462509
20,1000,1,3,0.4324688564958423
20,1000,1,4,0.49136078564159585
20,1000,1,5,0.4076013686363973
20,1000,1,6,0.49516864014050077
20,1000,1,7,0.4825584251263412
20,1000,1,8,0.4546105119737378
20,1000,1,9,0.4511389161277412
20,1000,1,10,0.4618331713808665
20,1000,2,3,0.4394574728237505
20,1000,2,4,0.42613457106828706
20,1000,2,5,0.3981844347562873
20,1000,2,6,0.46036937808027795
20,1000,2,7,0.40691306797667637
20,1000,2,8,0.4723719093409664
20,1000,2,9,0.37954777072137336
20,1000,2,10,0.41527743139237144
20,1000,3,4,0.4133483265807333
20,1000,3,5,0.3917056795861401
20,1000,3,6,0.38617308046041
20,1000,3,7,0.4830035761175552
20,1000,3,8,0.45091951739023894
20,1000,3,9,0.39794903272673693
20,1000,3,10,0.4365867151239675
20,1000,4,5,0.3796062085601659
20,1000,4,6,0.4234927229253448
20,1000,4,7,0.4343011412160843
20,1000,4,8,0.5078662263199314
20,1000,4,9,0.4865204477539006
20,1000,4,10,0.410136968209612
20,1000,5,6,0.4185618957455423
20,1000,5,7,0.447137172178606
20,1000,5,8,0.37644440612419194
20,1000,5,9,0.3843952550604691
20,1000,5,10,0.4110261228807446
20,1000,6,7,0.4115876930720346
20,1000,6,8,0.3695071507109319
20,1000,6,9,0.38298075145943283
20,1000,6,10,0.47992885494839316
20,1000,7,8,0.4201529769700328
20,1000,7,9,0.4235690844834847
20,1000,7,10,0.4497765667889346
20,1000,8,9,0.38896319605686347
20,1000,8,10,0.3406012015330569
20,1000,9,10,0.38376951759713185
20,2000,1,2,0.533609720913283
20,2000,1,3,0.5945550443961416
20,2000,1,4,0.47794138010078385
20,2000,1,5,0.5717970714211036
20,2000,1,6,0.49576872869394223
20,2000,1,7,0.47911223261839087
20,2000,1,8,0.49528579955482926
20,2000,1,9,0.5289436691400425
20,2000,1,10,0.5282799951146423
20,2000,2,3,0.6190860232058994
20,2000,2,4,0.517702300571919
20,2000,2,5,0.5822588679037826
20,2000,2,6,0.5074284872516118
20,2000,2,7,0.5016999685051711
20,2000,2,8,0.43495332159882516
20,2000,2,9,0.5806088758479373
20,2000,2,10,0.4849779469225353
20,2000,3,4,0.5175422636832113
20,2000,3,5,0.6428091354234589
20,2000,3,6,0.5274477671448636
20,2000,3,7,0.5735202110421803
20,2000,3,8,0.5168932116996381
20,2000,3,9,0.5512133368626446
20,2000,3,10,0.5983148319974022
20,2000,4,5,0.5269995096396836
20,2000,4,6,0.4395706349767086
20,2000,4,7,0.44771312343988806
20,2000,4,8,0.505359707409845
20,2000,4,9,0.4385933031329249
20,2000,4,10,0.5508150816204519
20,2000,5,6,0.4710146406622503
20,2000,5,7,0.4791210979785085
20,2000,5,8,0.5100586763089379
20,2000,5,9,0.5086184730564892
20,2000,5,10,0.5288492131893556
20,2000,6,7,0.46085096848498636
20,2000,6,8,0.45098154170229154
20,2000,6,9,0.5776074996650398
20,2000,6,10,0.4261652003633704
20,2000,7,8,0.4364100378891746
20,2000,7,9,0.5067752342258727
20,2000,7,10,0.48650394105829237
20,2000,8,9,0.4523014769411503
20,2000,8,10,0.5441663371416768
20,2000,9,10,0.43710433121797165
20,5000,1,2,0.5803228351590571
20,5000,1,3,0.5506338199604265
20,5000,1,4,0.6371485599044124
20,5000,1,5,0.5295130304703908
20,5000,1,6,0.6020846573560441
20,5000,1,7,0.671058040082199
20,5000,1,8,0.5278382383249838
20,5000,1,9,0.5068328788446992
20,5000,1,10,0.7606431883666799
20,5000,2,3,0.5392856997215608
20,5000,2,4,0.5402211082209841
20,5000,2,5,0.6202385119119637
20,5000,2,6,0.6401401647959865
20,5000,2,7,0.5265775445069124
20,5000,2,8,0.5707218974371382
20,5000,2,9,0.5232774780278799
20,5000,2,10,0.626314000872884
20,5000,3,4,0.5213808584446288
20,5000,3,5,0.4562812588252664
20,5000,3,6,0.5669399104482111
20,5000,3,7,0.5577688494383235
20,5000,3,8,0.4998495309587261
20,5000,3,9,0.6009201628963448
20,5000,3,10,0.5440009124560573
20,5000,4,5,0.5650446264812399
20,5000,4,6,0.5312665662972473
20,5000,4,7,0.6042024307630495
20,5000,4,8,0.532900462215506
20,5000,4,9,0.5315194418377155
20,5000,4,10,0.612180447886961
20,5000,5,6,0.5364453507655372
20,5000,5,7,0.48555823228881634
20,5000,5,8,0.5312322911104022
20,5000,5,9,0.5016524804266179
20,5000,5,10,0.6010408026319755
20,5000,6,7,0.586464787583237
20,5000,6,8,0.5985062758092713
20,5000,6,9,0.5674216922952713
20,5000,6,10,0.6413241036177242
20,5000,7,8,0.4855219840217502
20,5000,7,9,0.5312978743266416
20,5000,7,10,0.6822233709445386
20,5000,8,9,0.6215110725772488
20,5000,8,10,0.5253615994427696
20,5000,9,10,0.5537160811603318
20,10000,1,2,0.47275572345416983
20,10000,1,3,0.665086265011245
20,10000,1,4,0.49943614226923627
20,10000,1,5,0.5592645409943029
20,10000,1,6,0.6234976086154934
20,10000,1,7,0.6035516285913933
20,10000,1,8,0.698983666453986
20,10000,1,9,0.5998544770820994
20,10000,1,10,0.5441555565729291
20,10000,2,3,0.582003228981893
20,10000,2,4,0.5498538445206587
20,10000,2,5,0.5026908999292372
20,10000,2,6,0.5668178794281757
20,10000,2,7,0.4835202348317018
20,10000,2,8,0.5043015511224002
20,10000,2,9,0.531691612804423
20,10000,2,10,0.5817913719879126
20,10000,3,4,0.5721176578782348
20,10000,3,5,0.6203272681116323
20,10000,3,6,0.7313913948705321
20,10000,3,7,0.5957467253118618
20,10000,3,8,0.7279842334401269
20,10000,3,9,0.6068144267629384
20,10000,3,10,0.6156787732064248
20,10000,4,5,0.5840775225327506
20,10000,4,6,0.5138924416958163
20,10000,4,7,0.5221274505770238
20,10000,4,8,0.5161256181899733
20,10000,4,9,0.5322349745187939
20,10000,4,10,0.6811831751395024
20,10000,5,6,0.5916956315950808
20,10000,5,7,0.6632497778027782
20,10000,5,8,0.6020348841770897
20,10000,5,9,0.6137492515917984
20,10000,5,10,0.6374366643134153
20,10000,6,7,0.5890656966101586
20,10000,6,8,0.6670315350205226
20,10000,6,9,0.5618161136553983
20,10000,6,10,0.5605869696884527
20,10000,7,8,0.6040775945459538
20,10000,7,9,0.7671815289672377
20,10000,7,10,0.5726357367712512
20,10000,8,9,0.6524475613062607
20,10000,8,10,0.5550290450584703
20,10000,9,10,0.5475971032039502
20,20000,1,2,0.6077742609159494
20,20000,1,3,0.6439674159278503
20,20000,1,4,0.6109047720157127
20,20000,1,5,0.5586548113628909
20,20000,1,6,0.6546532318889867
20,20000,1,7,0.5929930266192743
20,20000,1,8,0.5728783517549686
20,20000,1,9,0.6191040236868897
20,20000,1,10,0.5697634033865056
20,20000,2,3,0.781473535554253
20,20000,2,4,0.7453378627794055
20,20000,2,5,0.5954970374268603
20,20000,2,6,0.6636042387552085
20,20000,2,7,0.6718833579947169
20,20000,2,8,0.716273086460007
20,20000,2,9,0.6815313073584943
20,20000,2,10,0.7034766509591963
20,20000,3,4,0.7114480985825479
20,20000,3,5,0.6638062542257482
20,20000,3,6,0.7321299589855443
20,20000,3,7,0.7374636908259181
20,20000,3,8,0.7455226685680651
20,20000,3,9,0.6368177200179387
20,20000,3,10,0.7558358341142786
20,20000,4,5,0.5652181889957629
20,20000,4,6,0.6091689922733374
20,20000,4,7,0.6311134666511217
20,20000,4,8,0.7540738152252078
20,20000,4,9,0.6656381516817129
20,20000,4,10,0.6857325077418219
20,20000,5,6,0.6633287955438902
20,20000,5,7,0.7483028016451626
20,20000,5,8,0.5963783864493925
20,20000,5,9,0.5358506573962319
20,20000,5,10,0.6861666556927132
20,20000,6,7,0.6984989921128614
20,20000,6,8,0.6176236086233502
20,20000,6,9,0.5844601921588819
20,20000,6,10,0.6324090129058152
20,20000,7,8,0.6353665444281319
20,20000,7,9,0.5811949806207507
20,20000,7,10,0.7168552550982858
20,20000,8,9,0.607695211834968
20,20000,8,10,0.7400988008517781
20,20000,9,10,0.6187800307054097
