k,sample_size,fit_time_s_mean,fit_time_s_std,assignment_time_s_mean,assignment_time_s_std,total_time_s_mean,total_time_s_std,distortion_mean,distortion_std,ari_ground_truth_mean,ari_ground_truth_std,ami_ground_truth_mean,ami_ground_truth_std,stability_ari_mean,stability_ari_std
10,500,0.023189102089963852,0.0026030128430715423,0.40543941520154475,0.02182424416698203,0.42862851729150864,0.022740412159870903,204.44255370386276,1.4434114958661306,0.2128445899880939,0.033702916414718086,0.32199557117358124,0.012442435963414742,0.4874068637250696,0.05282321274310441
10,1000,0.024300431204028427,0.006056321977354008,0.41758850890910254,0.024592359568412978,0.44188894011313096,0.02706017687398978,200.66192855245606,1.1508079517372627,0.2386846065632655,0.03357073042212487,0.3276345962757,0.014471763644168058,0.5544974210084205,0.06951847568455746
10,2000,0.03331348850624636,0.0032312015196555317,0.4078101806924678,0.03179264179827759,0.4411236691987142,0.033459615744375226,199.1718464071276,0.9465461165175497,0.22803857906990518,0.033732454708664976,0.32831515234313113,0.015662119637939332,0.5508720414533459,0.06130547582507833
10,5000,0.061417699418962,0.009103391818655682,0.41447846818482503,0.013806486725068297,0.47589616760378706,0.016071778612976092,197.70524964419306,1.2908634147151925,0.23901309031202586,0.03207439475855674,0.3291552644192733,0.014744112611826355,0.6657930421934851,0.06529344959573917
10,10000,0.14387864349409937,0.010345122232423355,0.3942282536881976,0.04763301947231667,0.538106897182297,0.048151830364291444,196.87035961941152,0.9129707576913608,0.23805987513864824,0.031019714122220286,0.3343705345626383,0.016724008101917744,0.700801658307687,0.08708087745887795
10,20000,0.20460183010436594,0.03139293305868935,0.3689112456981093,0.014771717207973739,0.5735130758024752,0.032749676040020034,196.49217379759247,0.39605705695850907,0.22774929035778763,0.030759227982816238,0.33091268142879204,0.016702917340308467,0.7174922192850919,0.0688003064330144
17,500,0.023068691487424076,0.005199427078371269,0.605531984695699,0.5367547970245374,0.6286006761831231,0.5379256091291643,186.18435398284578,1.5106040907919056,0.17803078414776358,0.020234374537263497,0.32545196024907663,0.011549958024158905,0.43519626355083596,0.033460594654370485
17,1000,0.02469658068148419,0.006548252222082827,0.40775916011771185,0.016411909840862472,0.4324557407991961,0.02035570199295117,181.59751426733675,1.2090421881436277,0.17085387032730726,0.01921074384191992,0.3182156741503045,0.013868648345723591,0.44216602264309207,0.04331782213417356
17,2000,0.037689087679609656,0.0026666395977136452,0.4304167093127035,0.0547964099309741,0.46810579699231314,0.05414855030840218,178.79448645746567,1.00361637189893,0.15954165260510714,0.014173343688873057,0.31706545558567406,0.012743069363265063,0.5003620373982708,0.04861619758096404
17,5000,0.06463202720042319,0.007193640338601884,0.4273303503752686,0.05088044427518312,0.4919623775756918,0.049909514101552054,176.93418418346224,0.8343745412096124,0.17196208420670103,0.02421424435261433,0.32314728142788646,0.008408476154321857,0.5467895950105724,0.06486359191680846
17,10000,0.17454425069736318,0.026554342912133457,0.3855397388921119,0.003945036689782469,0.5600839895894751,0.027131452156272336,176.1403363503964,0.7501581250331756,0.17775014403630557,0.021423782228980295,0.3252409048071655,0.009137666801811713,0.576574441254133,0.0756515412446211
17,20000,0.2881269913050346,0.0472334581266516,0.48692467440851034,0.2594889081577822,0.7750516657135449,0.2778056319891724,175.3422681273655,0.4505355905887399,0.16701010594022075,0.011230371072590737,0.32437438630406124,0.007125622423928483,0.6702799390311927,0.053291896198763566
20,500,0.02504362919135019,0.003508970865186975,0.4284008829854429,0.05011330099470305,0.45344451217679305,0.048988010818987356,181.7654835927213,1.423212738549257,0.15763870966560348,0.015554053128870721,0.3208845112703707,0.009233599683229416,0.4107264953572945,0.03357645105556625
20,1000,0.026701702701393513,0.003258518227886483,0.40796638099709526,0.014600845309489357,0.43466808369848875,0.0130350529380567,176.14622999052042,1.645687767503381,0.15368177839405445,0.013041511058136543,0.3168232934957829,0.011262900843727906,0.4282967750513319,0.040870523070218316
20,2000,0.03918448959011585,0.0025758457096817524,0.4159027440007776,0.023545513573672707,0.4550872335908934,0.023146346425281215,172.69909460740004,1.0722755790798786,0.14863403910843148,0.01131635954442173,0.3183129964218196,0.006477913867236154,0.5121628938159801,0.05362340833044
20,5000,0.07373741548508406,0.01768239228682432,0.40163521710783245,0.016247312316644905,0.4753726325929165,0.020790443491589875,170.6124452690742,0.4509582669709793,0.1568392224991074,0.01666923307609791,0.32782226269008335,0.011083413994499339,0.5672530024870136,0.05900864672464614
20,10000,0.20226421300321817,0.02518804197731279,0.37244875138858335,0.01474037777483344,0.5747129643918015,0.033716491090079626,170.06068831137583,0.6117638263347479,0.16611508420044926,0.01977464405133661,0.3247178120558215,0.008456000934213496,0.5905465108709932,0.06732021341807255
20,20000,0.2745752977323718,0.02238819523425734,0.40295758098363876,0.05808712835602359,0.6775328787160106,0.055668825843758436,169.2403809171006,0.5449808699046171,0.15294411401443347,0.010870456278897088,0.3242120156522963,0.005314121160034497,0.6565944366400844,0.06402901606215408
