k,baseline_S,candidate_S,ari_retention_pct,ami_retention_pct,stability_retention_pct,worst_retention_pct,fit_speedup,total_speedup,fit_time_reduction_pct,total_time_reduction_pct,comparable_95pct
10,5000,500,89.05143635029799,97.82482797037322,73.20696265002796,73.20696265002796,2.648558757501157,1.1102764944594945,62.243616564373575,9.932345232002726,False
10,5000,1000,99.86256662832506,99.5380088645229,83.28375123621055,83.28375123621055,2.5274324929995684,1.0769587658879847,60.43415589655589,7.145934303671309,False
10,5000,2000,95.40840577903337,99.74476723693773,82.73923074330624,82.73923074330624,1.8436285772787246,1.0788270973267788,45.75913975709559,7.306740581702487,False
17,8500,500,101.73475418799447,98.85008776576345,74.92067470331018,74.92067470331018,7.801670086899277,0.8944979507889919,87.18223163936116,-11.794554601041863,False
17,8500,1000,97.63354457501802,96.65219805136644,76.12054496288184,76.12054496288184,7.2874185557305475,1.3002070817033389,86.27771971168531,23.08917448057981,False
17,8500,2000,91.16923732165047,96.30284017385813,86.13920793330159,86.13920793330159,4.77523684975566,1.2011857582691112,79.05863035775559,16.748929704179695,False
17,8500,5000,98.2668275611463,98.15008367430802,94.13188671404238,94.13188671404238,2.7845996500039476,1.1429370259596068,64.08819486856639,12.50611562256434,False
20,10000,500,94.89728787987882,98.81949783993007,69.55023656841468,69.55023656841468,8.076473719435151,1.2674383501364932,87.61835876969909,21.100698910340864,False
20,10000,1000,92.51524576094987,97.56880643225033,72.52549412571074,72.52549412571074,7.574955622311771,1.3221880923524538,86.79860252838269,24.367795642389478,False
20,10000,2000,89.47654562729316,98.02757489850885,86.72693587852962,86.72693587852962,5.161843758052645,1.2628632973441025,80.62707732212996,20.814865543794337,False
20,10000,5000,94.41600276941212,100.95604568613197,96.05560138698912,94.41600276941212,2.743033664424178,1.2089736029965248,63.544012858117014,17.285208087138493,False
30,15000,2000,100.56974504829546,98.90358460461972,81.88356489748955,81.88356489748955,5.515977685649495,1.3885648148906273,81.87084761779177,27.98319608301707,False
30,15000,5000,99.55189951437207,99.36710283414473,92.37994228748995,92.37994228748995,3.153110620088248,1.3474272035113304,68.28528648411287,25.784487845128247,False
30,15000,10000,101.25252509651892,99.71279543477853,101.99251594975169,99.71279543477853,1.2378785142906845,1.1252149913993261,19.216628412602432,11.128094840223179,True
30,15000,7500,100.1706710508115,99.35866723389499,93.16417957501201,93.16417957501201,2.277417689371549,1.2871982332540117,56.090619447329004,22.31188839717254,False
40,20000,2000,107.29342338334638,99.41974287132965,71.95866793020994,71.95866793020994,10.127309292864894,2.053217063660892,90.12570890172633,51.29594343926808,False
40,20000,5000,102.27864681342065,99.44740996000047,83.09062630501576,83.09062630501576,4.266818396252911,1.7848861621354974,76.56333344587168,43.974017995435254,False
40,20000,10000,103.45825183666125,100.31318362858306,90.20022032900789,90.20022032900789,2.1954313001600396,1.552328087221363,54.45086348513372,35.58062833289447,False
40,20000,12500,100.62030788843886,100.17537476664651,95.52910417721272,95.52910417721272,2.075254431419772,1.4586462865533987,51.813137470769966,31.44328345956464,True
40,20000,15000,101.78224657117975,100.44235626960594,96.37153971946204,96.37153971946204,1.7966655277335708,1.3954331434087168,44.34133762996699,28.337663131804803,True
40,20000,17500,102.53359206707755,100.08081780712278,103.91182862618629,100.08081780712278,1.5770990966048972,1.3319795422434775,36.592443546968504,24.923771853456422,True
50,25000,2000,107.02158972821556,99.45151995641201,69.6124671258342,69.6124671258342,10.976011879051013,2.255635345319068,90.88922268835536,55.666592914709526,False
50,25000,5000,101.33118109335686,99.86587391619057,80.16578269316076,80.16578269316076,4.860273367855092,1.996642615338423,79.4250256248176,49.91592424613736,False
50,25000,10000,102.59098306258949,100.18940168314974,87.61599707835164,87.61599707835164,2.2076521195844805,1.5984109533093547,54.70300818100735,37.43786615515884,False
50,25000,15000,102.15643012470767,100.30325285779575,94.41675011677701,94.41675011677701,2.0125488603784474,1.495949931519313,50.311765359477725,33.1528429574924,False
50,25000,20000,101.79146119243374,100.033578275287,96.33636774265318,96.33636774265318,1.6084034381719476,1.347842394263549,37.82654424461046,25.807349267538605,True
